Date,GiaDieuChinh,Close,ThayDoi,Volume,GiaTriKhopLenh,KLThoaThuan,GtThoaThuan,Open,High,Low
2021-08-05,59.93,118000,-5.1(-4.14 %),227117,26572573100,0,0,125900,125900,113100
2021-08-06,59.42,117000,0(0.00 %),155200,18172560000,0,0,118000,118000,114500
2021-08-09,56.57,111400,-5.7(-4.87 %),135600,15092450000,0,0,115000,116000,108800
2021-08-10,56.02,110300,-1(-0.90 %),133906,14805097800,0,0,111200,111400,108100
2021-08-11,57.54,113300,2.7(2.44 %),180500,20303470000,0,0,109000,114900,109000
2021-08-12,55.86,110000,-2.5(-2.22 %),115900,13072280000,0,0,113000,114000,110000
2021-08-13,55.2,108700,-4.1(-3.63 %),166700,18402740000,0,0,111000,116900,107000
2021-08-16,55.76,109800,-0.6(-0.54 %),45200,5004280000,0,0,112900,112900,106500
2021-08-17,55.66,109600,-1.1(-0.99 %),98502,10734579600,0,0,109800,110500,106500
2021-08-18,54.34,107000,-2(-1.83 %),32000,3446120000,23100,2626470000,108000,113700,106500
2021-08-19,54.09,106500,-1.2(-1.11 %),24700,2634840000,0,0,108000,108800,104700
2021-08-20,53.22,104800,-1.9(-1.78 %),20600,2150000000,0,0,106500,106900,101000
2021-08-23,53.02,104400,0(0.00 %),28302,2957363000,0,0,99000,108900,99000
2021-08-24,52.77,103900,-0.6(-0.57 %),17200,1798890000,0,0,107800,107800,100000
2021-08-25,52.31,103000,-1.6(-1.53 %),49600,5135950000,0,0,104600,104900,100000
2021-08-26,51.95,102300,-1.2(-1.16 %),20500,2103910000,0,0,103500,103500,99900
2021-08-27,51.8,102000,-0.6(-0.58 %),18900,1909120000,0,0,99500,102000,99000
2021-08-30,52.82,104000,3(2.97 %),47500,4932430000,0,0,101000,105000,101000
2021-08-31,53.83,106000,2.2(2.12 %),54600,5715640000,0,0,105000,106000,104000
2021-09-01,53.53,105400,0.7(0.67 %),77200,8107720000,0,0,105000,105400,104800
2021-09-06,53.48,105300,0.3(0.29 %),43801,4615425500,0,0,105300,105500,104000
2021-09-07,53.73,105800,0.4(0.38 %),34900,3687470000,0,0,106000,106000,104500
2021-09-08,54.09,106500,0.8(0.76 %),37500,3991160000,7300,730000000,105500,106800,100000
2021-09-09,55.51,109300,2.9(2.73 %),101300,11008110000,0,0,106500,109400,106000
2021-09-10,57.89,114000,5.3(4.88 %),145500,16585520000,0,0,111000,114900,109300
2021-09-13,58.25,114700,0.7(0.61 %),96300,11074380000,0,0,114000,116000,113000
2021-09-14,58.86,115900,0.9(0.78 %),83200,9638740000,0,0,115000,116500,114000
2021-09-15,59.21,116600,0.7(0.60 %),127100,14710570000,0,0,115500,116900,112000
2021-09-16,59.06,116300,0.6(0.52 %),94900,11118260000,0,0,115700,117800,115000
2021-09-17,60.69,119500,2.3(1.96 %),113700,13552290000,0,0,117000,124400,116000
2021-09-20,59.42,117000,-2.2(-1.85 %),73800,8835320000,0,0,119200,120500,117000
2021-09-21,60.79,119700,0(0.00 %),55100,6576860000,0,0,119000,120500,118000
2021-09-22,59.98,118100,-1.3(-1.09 %),45900,5472370000,0,0,111300,125400,111300
2021-09-23,60.54,119200,0(0.00 %),79300,9495670000,150400,18048000000,116000,120000,116000
2021-09-24,60.38,118900,-0.8(-0.67 %),51206,6122916400,0,0,110900,120500,110900
2021-09-27,60.03,118200,-1.4(-1.17 %),67700,8040250000,0,0,119000,119900,118000
2021-09-28,59.87,117900,-0.9(-0.76 %),56600,6692160000,84400,10128000000,116000,120000,116000
2021-09-29,59.57,117300,-0.9(-0.76 %),66300,7772190000,243000,29160000000,116500,120000,116500
2021-09-30,59.87,117900,0.7(0.60 %),64710,7652533000,108000,10960000000,116000,120000,109100
2021-10-01,59.77,117700,-0.6(-0.51 %),55600,6578060000,60000,7200000000,118000,120000,116000
2021-10-04,59.98,118100,-0.2(-0.17 %),66500,7867740000,230000,27600000000,118300,120000,117000
2021-10-05,60.13,118400,0.1(0.08 %),63500,7502110000,10000,1010000000,118000,118600,109800
2021-10-06,59.27,116700,-1.4(-1.19 %),82200,9670890000,10000,1200000000,115000,120000,115000
2021-10-07,59.32,116800,-0.9(-0.76 %),89200,10449940000,0,0,116000,119000,116000
2021-10-08,58.91,116000,-1.2(-1.02 %),80200,9363680000,85300,10136000000,117000,120000,108600
2021-10-11,59.62,117400,0.6(0.51 %),78000,9146090000,0,0,116000,117800,115500
2021-10-12,58.76,115700,-1.6(-1.36 %),51400,6005670000,62000,6200000000,116800,117600,109200
2021-10-13,58.5,115200,-1.6(-1.37 %),53102,6182152500,28000,3038000000,116000,117600,115000
2021-10-14,58.76,115700,-0.7(-0.60 %),45700,5303540000,0,0,116000,117000,115000
2021-10-15,58.1,114400,-1.7(-1.46 %),52700,6061480000,68000,7024000000,115500,116500,107600
2021-10-18,57.23,112700,-2.3(-2.00 %),48400,5491540000,28000,2996000000,114500,115000,107000
2021-10-19,57.79,113800,0.3(0.26 %),74701,8513903000,28000,2954000000,113000,120600,105500
2021-10-20,57.89,114000,0(0.00 %),54600,6229810000,28000,2968000000,113500,114400,106000
2021-10-21,57.89,114000,-0.1(-0.09 %),86400,9829440000,28000,2968000000,113800,114500,106000
2021-10-22,56.78,111800,-2(-1.76 %),53700,6053100000,28000,2954000000,114000,114000,106000
2021-10-25,57.79,113800,1.1(0.98 %),91000,10160280000,36500,3790000000,111300,113800,104000
2021-10-26,58.3,114800,3.1(2.78 %),67807,7768997200,715000,68177000000,111700,115000,105800
2021-10-27,58.4,115000,0.4(0.35 %),51400,5909840000,28000,2982000000,114600,115500,106800
2021-10-28,59.37,116900,1.9(1.65 %),87700,10204770000,5000,535000000,115000,117000,107000
2021-10-29,59.16,116500,0.1(0.09 %),65100,7594370000,0,0,116400,117000,116000
2021-11-01,59.11,116400,-0.3(-0.26 %),48500,5664380000,0,0,117000,117300,115000
2021-11-02,57.59,113400,-3.4(-2.91 %),70500,8018190000,0,0,116000,116400,111900
2021-11-03,57.18,112600,-1.1(-0.97 %),57800,6487300000,0,0,113500,113500,110000
2021-11-04,57.23,112700,0.5(0.45 %),64800,7304290000,0,0,112000,113000,111000
2021-11-05,57.39,113000,0.3(0.27 %),145400,16307830000,70000,7000000000,112700,113200,104800
2021-11-08,57.03,112300,0.1(0.09 %),58500,6589510000,0,0,112200,113000,111000
2021-11-09,57.69,113600,1(0.89 %),43000,4874040000,0,0,112600,113900,112000
2021-11-10,57.64,113500,0.1(0.09 %),54300,6159110000,0,0,113400,113700,113000
2021-11-11,57.08,112400,-1(-0.88 %),54100,6091050000,0,0,113000,113600,111200
2021-11-12,58.1,114400,1.8(1.60 %),177400,20286810000,0,0,112600,115300,112300
2021-11-15,58.25,114700,0.3(0.26 %),128800,14776030000,0,0,114400,115000,114000
2021-11-16,57.49,113200,-1.5(-1.31 %),108200,12276750000,0,0,114700,115300,111100
2021-11-17,56.37,111000,-2.5(-2.20 %),121300,13694300000,0,0,113000,114100,111000
2021-11-18,57.39,113000,0.1(0.09 %),68300,7688550000,0,0,113000,113000,111000
2021-11-19,56.62,111500,-1.1(-0.98 %),40000,4501620000,0,0,113000,113000,111500
2021-11-22,56.78,111800,-0.7(-0.62 %),52400,5892420000,0,0,112500,113000,111500
2021-11-23,57.08,112400,-0.1(-0.09 %),69200,7752730000,0,0,112500,113800,110000
2021-11-24,56.88,112000,0(0.00 %),38400,4289340000,39900,4389000000,112000,112300,110000
2021-11-25,56.83,111900,0.2(0.18 %),71701,8019961500,0,0,112000,112500,111100
2021-11-26,56.68,111600,-0.3(-0.27 %),75600,8417560000,0,0,111800,111900,110000
2021-11-29,56.32,110900,-0.4(-0.36 %),31900,3532180000,0,0,111000,111300,110000
2021-11-30,56.88,112000,1.3(1.17 %),114700,12848580000,0,0,111000,113000,110800
2021-12-01,56.37,111000,-1(-0.89 %),67600,7570490000,0,0,111500,112500,111000
2021-12-02,56.62,111500,-0.5(-0.45 %),86700,9737990000,30000,2920000000,111500,113200,103200
2021-12-03,57.03,112300,0(0.00 %),70800,7932820000,30000,2880000000,111500,112800,103700
2021-12-06,55.36,109000,-3(-2.68 %),43500,4842110000,60000,5840000000,111500,112000,104400
2021-12-07,56.52,111300,0(0.00 %),61200,6772070000,0,0,111000,111900,109000
2021-12-08,56.37,111000,0.3(0.27 %),97500,10835430000,0,0,110000,111700,110000
2021-12-09,55.86,110000,-1.1(-0.99 %),63600,7010530000,0,0,110000,111200,108000
2021-12-10,56.37,111000,0.8(0.73 %),147900,16398490000,0,0,109000,111300,109000
2021-12-13,56.78,111800,0.9(0.81 %),159300,17743740000,0,0,110500,111900,109500
2021-12-14,56.37,111000,-0.4(-0.36 %),109500,12210320000,0,0,110900,111800,110000
2021-12-15,56.42,111100,-0.4(-0.36 %),115200,12809690000,0,0,110500,111600,109500
2021-12-16,56.42,111100,-0.1(-0.09 %),105900,11777680000,0,0,110500,111700,109200
2021-12-17,56.62,111500,0.3(0.27 %),125400,13969020000,0,0,109100,111800,109000
2021-12-20,55.86,110000,-1.4(-1.26 %),59200,6562130000,0,0,110800,111500,107000
2021-12-21,56.27,110800,0(0.00 %),69009,7649145900,0,0,110500,111300,109500
2021-12-23,55.15,108600,-1.3(-1.18 %),29603,3233269500,0,0,109000,110000,106000
2021-12-24,55.46,109200,0(0.00 %),56802,6205528000,0,0,109000,109600,107000
2021-12-27,55.56,109400,0.2(0.18 %),66800,7307380000,0,0,109200,109600,108500
2021-12-29,55.2,108700,-0.5(-0.46 %),49816,5438028500,0,0,109200,109600,108700
2021-12-30,54.8,107900,-1.3(-1.19 %),42924,4643519600,0,0,109200,109300,106500
2022-01-04,55.2,108700,0(0.00 %),49900,5444350000,0,0,108800,109500,106000
2022-01-05,53.73,105800,-3.3(-3.02 %),44201,4770247000,0,0,109000,109200,105800
2022-01-06,54.75,107800,-0.1(-0.09 %),103600,11128010000,0,0,108600,108800,105500
2022-01-07,54.29,106900,-0.5(-0.47 %),102310,10930388000,0,0,107200,107300,105100
2022-01-10,53.73,105800,-1(-0.94 %),104300,11072750000,0,0,106700,106700,103000
2022-01-11,53.43,105200,-1(-0.94 %),58600,6186120000,0,0,106600,106900,100000
2022-01-12,54.75,107800,2.2(2.08 %),229700,24111120000,50000,5050000000,104800,107800,100200
2022-01-13,54.49,107300,2.3(2.19 %),119700,12849030000,76000,7676000000,105600,108000,105600
2022-01-14,54.03,106400,-0.9(-0.84 %),42200,4534250000,10000,1020000000,107200,107900,105000
2022-01-18,53.27,104900,-1.8(-1.69 %),98300,10263690000,0,0,106700,106800,100000
2022-01-19,53.07,104500,0.1(0.10 %),60800,6418090000,0,0,105000,105900,104500
2022-01-20,53.27,104900,-0.7(-0.66 %),61000,6425000000,0,0,105500,105600,103000
2022-01-21,53.22,104800,-0.5(-0.47 %),75800,7941680000,0,0,104900,105000,102000
2022-01-24,52.31,103000,-1.8(-1.72 %),42900,4522980000,0,0,104300,105900,103000
2022-01-25,53.17,104700,-0.7(-0.66 %),49500,5243210000,0,0,104000,106900,102100
2022-01-26,53.22,104800,-1.1(-1.04 %),60400,6301940000,0,0,104700,105900,102000
2022-01-27,53.02,104400,0.1(0.10 %),44500,4659030000,0,0,103800,105000,102200
2022-01-28,53.22,104800,0.1(0.10 %),112200,11754010000,0,0,104300,105000,102200
2022-02-07,53.83,106000,1.2(1.15 %),92000,9734130000,0,0,104800,106100,102400
2022-02-08,53.73,105800,0(0.00 %),72200,7657030000,0,0,105000,106800,105000
2022-02-09,53.73,105800,-0.3(-0.28 %),57400,6061180000,0,0,105600,106600,103500
2022-02-10,53.07,104500,-1.1(-1.04 %),74700,7824400000,0,0,105000,106000,103200
2022-02-11,52.0,102400,-2.3(-2.20 %),92910,9636680000,0,0,104600,105000,102300
2022-02-14,52.71,103800,0.1(0.10 %),101020,10453755200,0,0,103500,104500,100000
2022-02-15,52.66,103700,0.2(0.19 %),38000,3938540000,0,0,103500,104000,103000
2022-02-16,52.71,103800,0.2(0.19 %),48700,5056640000,0,0,103600,104500,102500
2022-02-17,53.22,104800,1(0.96 %),36920,3855221900,0,0,103800,105000,103100
2022-02-18,53.07,104500,0.1(0.10 %),40100,4197200000,45000,4500000000,104400,105100,103900
2022-02-21,54.34,107000,2.3(2.20 %),97900,10434220000,0,0,104700,107500,104700
2022-02-22,54.19,106700,0.1(0.09 %),68900,7361150000,0,0,106800,108200,105000
2022-02-23,54.29,106900,0.1(0.09 %),57300,6144540000,0,0,106800,107500,106800
2022-02-24,54.44,107200,0(0.00 %),54700,5858810000,0,0,107000,107500,106000
2022-02-25,54.29,106900,-0.2(-0.19 %),71700,7656700000,110000,11000000000,106800,107500,105000
2022-02-28,54.24,106800,0(0.00 %),64302,6865574800,21000,2100000000,106500,107500,105000
2022-03-01,54.09,106500,-0.3(-0.28 %),76723,8178481300,0,0,106500,107400,105000
2022-03-02,53.78,105900,-0.7(-0.66 %),59300,6213930000,0,0,106500,107000,103000
2022-03-03,54.34,107000,2.2(2.10 %),61825,6557676600,0,0,104800,107000,104400
2022-03-04,54.85,108000,1.9(1.79 %),128600,13857430000,0,0,106100,109900,106100
2022-03-07,55.99,105000,2.3(2.24 %),75101,7920855000,0,0,106100,107000,103000
2022-03-08,55.72,104500,-1(-0.95 %),50121,5291487700,0,0,105500,106900,104000
2022-03-09,55.99,105000,-0.6(-0.57 %),49900,5236350000,0,0,104500,105900,103000
2022-03-10,55.99,105000,0.1(0.10 %),41000,4288120000,0,0,104000,105500,103000
2022-03-11,55.99,105000,0.4(0.38 %),117305,12406752800,0,0,104000,107200,103000
2022-03-14,55.99,105000,-0.8(-0.76 %),81001,8539065000,0,0,104000,107900,103000
2022-03-15,55.83,104700,-0.7(-0.66 %),76200,7985740000,0,0,105000,105400,104000
2022-03-16,54.92,103000,-1.8(-1.72 %),88600,9248850000,0,0,104500,105400,102600
2022-03-17,55.03,103200,-1.2(-1.15 %),88201,9122634500,0,0,104400,105000,101100
2022-03-18,55.35,103800,0.4(0.39 %),78200,8077920000,0,0,103300,103900,102000
2022-03-21,55.14,103400,0.1(0.10 %),66400,6878270000,0,0,103300,104700,102500
2022-03-22,55.24,103600,0(0.00 %),55400,5726770000,0,0,103600,104400,102000
2022-03-23,54.71,102600,-0.8(-0.77 %),116400,12084950000,0,0,103600,104300,102500
2022-03-24,55.67,104400,0.6(0.58 %),158165,16454160800,0,0,103400,104500,102000
2022-03-25,55.62,104300,0.3(0.29 %),100800,10517800000,0,0,104000,104700,103500
2022-03-28,55.72,104500,0.2(0.19 %),117630,12262600000,0,0,104300,106100,102000
2022-03-29,55.51,104100,-0.1(-0.10 %),101100,10534480000,0,0,104200,105900,103000
2022-03-30,55.03,103200,-1(-0.96 %),95939,9909970900,0,0,103000,103900,101600
2022-03-31,54.87,102900,-0.4(-0.39 %),101900,10446380000,0,0,103300,104100,101000
2022-04-01,55.46,104000,1.5(1.46 %),114501,11820593300,0,0,102500,104000,101100
2022-04-04,55.35,103800,0.6(0.58 %),100200,10416850000,0,0,104000,104500,103500
2022-04-05,57.8,108400,4.4(4.23 %),227564,24107738600,0,0,104000,108500,103500
2022-04-06,56.47,105900,0(0.00 %),258343,28824780600,0,0,107800,107800,105900
2022-04-07,60.25,113000,1.4(1.25 %),112302,12679672000,0,0,112900,113300,111600
2022-04-08,59.67,111900,-1(-0.89 %),90040,10056910000,0,0,112900,114000,108500
2022-04-12,59.19,111000,-0.7(-0.63 %),100900,11090140000,0,0,111900,112300,108000
2022-04-13,57.59,103200,-1.3(-1.77 %),100700,7196480000,0,0,103200,103200,103200
2022-04-14,59.11,73900,2.4(3.36 %),153700,11125770000,0,0,71000,73900,70600
2022-04-18,59.11,73900,0.1(0.14 %),148100,10940630000,0,0,73800,74300,73500
2022-04-19,59.98,75000,1.1(1.49 %),114600,8624810000,0,0,74000,76000,73900
2022-04-20,59.11,73900,-1.4(-1.86 %),102900,7601418200,0,0,75500,75500,71200
2022-04-21,58.79,73500,-0.4(-0.54 %),93800,6908790000,0,0,72900,76100,72600
2022-04-22,58.95,73700,0(0.00 %),106900,7884530000,0,0,73700,74500,72500
2022-04-25,56.39,70500,-3.3(-4.47 %),49203,3453530800,0,0,73800,73800,68500
2022-04-26,55.19,69000,-1.2(-1.71 %),45242,3193848500,0,0,72000,74000,68000
2022-04-27,55.43,69300,-1.3(-1.84 %),28701,1989792000,0,0,69100,70900,68100
2022-04-28,55.43,69300,0(0.00 %),25719,1774120000,0,0,68800,69300,68800
2022-04-29,56.71,70900,1.9(2.75 %),28210,1969300000,0,0,69000,70900,68800
2022-05-04,56.63,70800,1(1.43 %),45121,3191183200,0,0,69800,72000,69800
2022-05-05,58.07,72600,1.9(2.69 %),32201,2328242600,0,0,70000,75800,70000
2022-05-06,57.43,71800,-0.5(-0.69 %),34100,2443770000,0,0,70500,73000,70500
2022-05-09,52.71,66800,-5.8(-8.09 %),42705,2907960400,0,0,71000,72000,66800
2022-05-10,51.99,65000,-3.1(-4.55 %),46011,2989105000,0,0,68100,69000,64000
2022-05-11,53.03,66300,1.3(2.00 %),32700,2147020000,0,0,64000,66800,64000
2022-05-12,53.59,67000,1.3(1.98 %),58802,3849555000,0,0,64000,68000,63000
2022-05-13,51.67,64600,-0.9(-1.37 %),44000,2765900000,0,0,65000,66500,62300
2022-05-16,51.43,64300,1.4(2.23 %),46201,2969594300,0,0,62800,65000,62800
2022-05-17,52.79,66000,1.7(2.64 %),46000,2982710000,0,0,64000,66000,64000
2022-05-18,53.19,66500,1.7(2.62 %),46200,3023750000,0,0,64800,66500,64000
2022-05-19,53.99,67500,2.1(3.21 %),51100,3426110000,0,0,65500,68000,63000
2022-05-20,53.59,67000,0(0.00 %),63020,4278130000,0,0,67000,68700,67000
2022-05-23,54.39,68000,0.1(0.15 %),37300,2545730000,0,0,67900,69600,66200
2022-05-24,53.59,67000,-1.3(-1.90 %),47403,3200612500,0,0,68000,68300,65000
2022-05-25,53.83,67300,-0.2(-0.30 %),79910,5387450000,0,0,67500,68000,66000
2022-05-26,54.15,67700,0.3(0.45 %),77802,5267965600,0,0,67400,68300,67400
2022-05-27,54.55,68200,0.5(0.74 %),110000,7492470000,0,0,67000,68500,67000
2022-05-30,54.79,68500,0.4(0.59 %),75408,5192932000,0,0,68100,70000,67500
2022-05-31,54.39,68000,-0.9(-1.31 %),81100,5618240000,0,0,68000,70000,68000
2022-06-01,55.27,69100,-0.2(-0.29 %),39800,2754750000,0,0,69000,69800,68000
2022-06-02,54.87,68600,-0.6(-0.87 %),52900,3646510000,0,0,69000,69400,68100
2022-06-03,55.11,68900,0(0.00 %),45450,3088686000,0,0,68500,68900,67000
2022-06-06,55.59,69500,1.5(2.21 %),104900,7278090000,0,0,68000,70000,68000
2022-06-07,55.75,69700,0.3(0.43 %),77310,5357235000,80000,5280000000,69400,69800,68000
2022-06-08,57.91,72400,3.1(4.47 %),97602,7023536000,32200,2141300000,69400,73000,69400
2022-06-09,58.31,72900,0.9(1.25 %),101005,7368455000,19900,1313400000,72000,73500,72000
2022-06-10,57.59,72000,-1(-1.37 %),59500,4294060000,0,0,72900,73000,71000
2022-06-13,55.19,69000,-3.2(-4.43 %),43185,2976540600,0,0,72000,72000,67200
2022-06-14,55.51,69400,0.5(0.73 %),75816,5240481600,0,0,68000,69900,68000
2022-06-15,54.39,68000,-1.1(-1.59 %),45514,3125717000,10000,660000000,69000,70500,67000
2022-06-16,56.43,68500,1.8(2.70 %),62900,4349340000,0,0,66700,70000,66700
2022-06-17,55.19,67000,-2.1(-3.04 %),32730,2219152000,0,0,68000,68400,66100
2022-06-20,55.11,66900,-0.9(-1.33 %),27750,1866591100,0,0,67000,67800,66100
2022-06-21,55.28,67100,-0.2(-0.30 %),35150,2358422100,0,0,67000,67800,66000
2022-06-22,54.37,66000,-1.1(-1.64 %),74001,4913477100,0,0,67000,67100,64000
2022-06-23,54.78,66500,0.1(0.15 %),78103,5195379200,0,0,66400,67000,66000
2022-06-24,54.78,66500,0(0.00 %),72987,4871482500,0,0,66500,67400,65500
2022-06-27,55.03,66800,0.1(0.15 %),48721,3246068500,0,0,66700,67000,66000
2022-06-28,54.95,66700,0.1(0.15 %),51200,3411860000,0,0,66600,67000,66000
2022-06-29,54.86,66600,0(0.00 %),61298,4074940600,0,0,66300,66700,66000
2022-06-30,54.78,66500,0(0.00 %),57920,3878536800,0,0,66500,67500,66400
2022-07-01,54.86,66600,-0.4(-0.60 %),80002,5365450100,0,0,67000,67800,66000
2022-07-04,55.36,67200,0.1(0.15 %),76370,5164206700,0,0,66600,68500,66500
2022-07-05,55.03,66800,-0.8(-1.18 %),61970,4125340000,0,0,67000,67300,64600
2022-07-06,54.86,66600,0(0.00 %),44605,2956874100,0,0,66000,66800,65000
2022-07-07,54.7,66400,0.1(0.15 %),63456,4198903600,0,0,66000,66400,65600
2022-07-08,55.19,67000,0.8(1.21 %),70909,4715364000,0,0,66000,67300,66000
2022-07-11,54.7,66400,-0.1(-0.15 %),74000,4916330000,0,0,66300,66900,66000
2022-07-12,54.2,65800,-0.6(-0.90 %),65005,4291210000,0,0,66000,66500,65400
2022-07-13,54.37,66000,0(0.00 %),84406,5516060300,0,0,66000,66000,63200
2022-07-14,53.3,64700,-0.7(-1.07 %),52000,3384870000,0,0,66000,66000,64000
2022-07-15,53.13,64500,-0.6(-0.92 %),80030,5161603300,0,0,65000,65000,64000
2022-07-18,52.64,63900,-0.6(-0.93 %),96400,6196860000,0,0,64500,64700,63700
2022-07-19,53.13,64500,0.2(0.31 %),95982,6171353000,0,0,64000,64600,64000
2022-07-20,53.79,65300,1(1.56 %),102061,6628556400,0,0,64100,65800,64000
2022-07-21,53.46,64900,0(0.00 %),87300,5654400000,0,0,64600,65000,64500
2022-07-22,53.38,64800,0(0.00 %),92084,5963531200,0,0,64800,65100,64500
2022-07-25,53.3,64700,-0.1(-0.15 %),83816,5416317500,0,0,64800,64800,64200
2022-07-26,53.3,64700,0.1(0.15 %),83850,5422970000,0,0,64900,65000,64500
2022-07-27,54.2,65800,1.1(1.70 %),84000,5502630000,0,0,64500,66000,64500
2022-07-28,54.29,65900,0.4(0.61 %),76300,5012330000,0,0,65500,66000,65400
2022-07-29,54.29,65900,0.2(0.30 %),77500,5093730000,0,0,65700,66000,65400
2022-08-01,54.37,66000,0.3(0.46 %),98910,6513047000,0,0,65700,66100,64500
2022-08-02,55.11,66900,1.1(1.67 %),103775,6909310000,0,0,65900,67000,65900
2022-08-03,54.78,66500,-0.1(-0.15 %),96049,6366116400,0,0,66600,66600,66000
2022-08-04,54.53,66200,-0.1(-0.15 %),81832,5431395900,0,0,66300,66900,66000
2022-08-05,54.53,66200,-0.1(-0.15 %),86138,5695709200,0,0,66200,66800,65400
2022-08-08,54.12,65700,-0.4(-0.61 %),86531,5723305300,0,0,66100,66500,65700
2022-08-09,55.03,66800,0.7(1.06 %),100852,6679381900,0,0,65800,66800,65800
2022-08-10,54.78,66500,0.3(0.45 %),108493,7213248100,0,0,66700,66900,66200
2022-08-11,54.37,66000,-0.5(-0.75 %),88985,5899205800,0,0,66900,67500,65100
2022-08-12,54.29,65900,-0.4(-0.60 %),80070,5276818800,0,0,65500,66300,65400
2022-08-15,54.12,65700,-0.2(-0.30 %),86600,5690960000,0,0,65900,66500,65500
2022-08-16,53.46,64900,-0.8(-1.22 %),95500,6204560000,0,0,65700,65700,64700
2022-08-17,53.71,65200,0.2(0.31 %),103100,6712160000,0,0,64900,65400,64600
2022-08-18,53.79,65300,0.2(0.31 %),99700,6495340000,0,0,65200,65300,64700
2022-08-19,53.55,65000,-0.1(-0.15 %),116200,7549950000,0,0,64900,65200,64500
2022-08-22,53.38,64800,-0.2(-0.31 %),52000,3378100000,0,0,64900,65400,64700
2022-08-23,54.04,65600,0.6(0.92 %),75025,4854290100,0,0,64700,65600,64500
2022-08-24,54.29,65900,1.2(1.85 %),117700,7655100000,0,0,65100,66000,64500
2022-08-25,54.29,65900,0.9(1.38 %),95200,6246236700,0,0,65500,65900,65000
2022-08-26,54.62,66300,0.7(1.07 %),103100,6800580000,0,0,65700,66500,65600
2022-08-29,55.19,67000,1(1.52 %),96325,6393850000,0,0,66300,67000,65500
2022-08-30,55.36,67200,0.8(1.20 %),141414,9502246600,0,0,67200,67700,66500
2022-08-31,55.6,67500,0.3(0.45 %),128721,8678941200,0,0,67300,67700,67000
2022-09-05,56.84,69000,1.6(2.37 %),124851,8664902800,0,0,67600,70500,67600
2022-09-06,56.84,69000,-0.4(-0.58 %),102900,7127530000,0,0,69500,69800,68800
2022-09-07,56.35,68400,-0.9(-1.30 %),75700,5196720000,0,0,69200,69300,68000
2022-09-08,56.68,68800,0.2(0.29 %),132610,9104437000,0,0,68700,69000,68300
2022-09-09,56.43,68500,-0.2(-0.29 %),94775,6518413500,0,0,68900,69000,68100
2022-09-12,57.09,69300,0.5(0.73 %),132777,9160975600,0,0,68800,69300,68800
2022-09-13,57.25,69500,0.5(0.72 %),112216,7802924000,0,0,69000,69800,69000
2022-09-14,57.0,69200,-0.3(-0.43 %),101439,7038703000,0,0,69500,69800,69000
2022-09-15,57.0,69200,-0.2(-0.29 %),102110,7062134000,0,0,69400,69400,69000
2022-09-16,56.84,69000,-0.2(-0.29 %),89850,6195786900,0,0,69300,69300,68500
2022-09-19,56.92,69100,0.1(0.14 %),96925,6703782500,0,0,68900,69700,68500
2022-09-20,56.92,69100,-0.1(-0.14 %),88305,6103612500,0,0,69200,69500,68500
2022-09-21,56.76,68900,-0.2(-0.29 %),97800,6734660000,0,0,69100,69400,68500
2022-09-22,56.84,69000,0.1(0.15 %),121830,8385873000,107500,6299500000,69000,69000,68300
2022-09-23,56.76,68900,0.1(0.15 %),97600,6733862800,0,0,69200,69200,68600
2022-09-26,56.68,68800,-0.2(-0.29 %),99389,6840930500,0,0,69000,69100,68300
2022-09-27,56.76,68900,0.1(0.15 %),110830,7588911600,150000,8775000000,64000,68900,64000
2022-10-10,52.72,64100,-3.3(-4.90 %),148700,9720000000,0,0,67700,67900,64100
2022-10-11,49.1,59600,-4.4(-6.88 %),52000,3228000000,0,0,63800,65500,59600
2022-10-12,50.66,61500,1.9(3.19 %),36100,2167000000,0,0,59600,61500,59000
2022-10-13,50.66,61500,0(0.00 %),43200,2620000000,0,0,61500,61500,59600
2022-10-14,50.24,60000,-1.5(-2.44 %),64200,3832000000,0,0,61000,61000,59000
2022-10-17,49.4,59000,-1(-1.67 %),49000,2852000000,0,0,60000,60000,57000
2022-10-18,48.56,58000,-1(-1.69 %),23300,1379000000,0,0,60000,60900,57600
2022-10-19,47.56,56800,-1.2(-2.07 %),6300,358000000,0,0,58000,58000,56000
2022-10-20,47.56,56800,0(0.00 %),4400,250000000,0,0,57300,57300,56500
2022-10-21,45.21,54000,-2.8(-4.93 %),10800,587000000,0,0,55400,57400,54000
2022-10-24,42.62,50900,-3.1(-5.74 %),36500,1919000000,0,0,54100,54100,50500
2022-10-25,39.64,47350,-3.55(-6.97 %),84200,4070000000,122750,5812212500,47400,50000,47350
2022-10-26,39.64,47350,-0.05(-0.11 %),600,26000000,0,0,44150,47350,44150
2022-10-27,41.78,49900,2.5(5.27 %),4000,192000000,0,0,49900,49900,47000
2022-10-28,39.6,47300,-2.6(-5.21 %),6700,334000000,0,0,50500,50500,47300
2022-10-31,39.6,47300,0(0.00 %),4200,195000000,0,0,47350,47350,45000
2022-11-01,41.28,49300,2(4.23 %),4700,220000000,0,0,47000,49300,45250
2022-11-02,40.4,48250,-1.05(-2.13 %),200,9000000,0,0,48300,48300,48250
2022-11-03,40.19,48000,-0.3(-0.62 %),6300,298000000,0,0,47300,48000,45300
2022-11-04,38.51,46000,-2(-4.17 %),9700,441000000,0,0,47000,47000,45000
2022-11-07,37.34,44600,-1.4(-3.04 %),10100,452000000,0,0,46000,46000,42800
2022-11-08,35.21,42050,-2.55(-5.72 %),10500,446000000,0,0,41800,45000,41800
2022-11-09,35.58,42500,0.4(0.95 %),8700,383000000,0,0,44200,44500,42500
2022-11-10,33.49,40000,-2.5(-5.88 %),2900,116000000,0,0,40200,42500,40000
2022-11-11,33.49,40000,0(0.00 %),3600,144000000,0,0,40000,40000,40000
2022-11-14,32.61,38950,-1.05(-2.63 %),30000,1138000000,0,0,39200,39200,37200
2022-11-15,30.35,36250,-2.75(-7.05 %),9200,333000000,0,0,36250,36300,36250
2022-11-16,30.35,36250,-0.05(-0.14 %),26700,905000000,0,0,33750,36250,33750
2022-11-17,31.4,37500,1.2(3.31 %),16500,619000000,0,0,36300,37600,36100
2022-11-18,30.14,36000,-1.5(-4.00 %),4400,159000000,0,0,37000,37000,36000
2022-11-21,30.14,36000,0(0.00 %),4400,155000000,0,0,36100,36100,35000
2022-11-22,30.06,35900,-0.1(-0.28 %),5100,177000000,0,0,34250,35950,33600
2022-11-23,27.96,33400,-2.5(-6.96 %),43400,1454000000,60000,2004000000,33500,36450,33400
2022-11-24,28.13,33600,0.2(0.60 %),5000,165000000,0,0,33900,33900,32900
2022-11-25,28.38,33900,0.3(0.89 %),8300,278000000,0,0,34300,34300,33000
2022-11-28,29.56,35300,1.4(4.13 %),51100,1780000000,0,0,33900,36000,33700
2022-11-29,30.06,35900,0.6(1.70 %),20600,735000000,0,0,36000,37100,34900
2022-11-30,30.39,36300,0.4(1.11 %),19400,703000000,0,0,35950,36800,35900
2022-12-01,29.72,35500,-0.8(-2.20 %),65300,2372000000,0,0,38000,38000,35500
2022-12-02,29.72,35500,0(0.00 %),16300,573000000,0,0,35500,35500,34900
2022-12-05,29.76,35550,0.05(0.14 %),35500,1273000000,0,0,36500,37350,35550
2022-12-06,29.97,35800,0.2(0.56 %),23600,839000000,0,0,35200,35800,34800
2022-12-07,29.14,34800,-1(-2.79 %),7800,273000000,0,0,35800,35800,34800
2022-12-08,29.14,34800,0(0.00 %),16000,557000000,0,0,35000,35500,34500
2022-12-09,29.47,35200,0.4(1.15 %),8200,284000000,0,0,35500,35650,34400
2022-12-12,29.56,35300,0.1(0.28 %),21600,768000000,0,0,35500,36000,34800
2022-12-13,29.47,35200,-0.1(-0.28 %),6300,222000000,0,0,35000,35750,35000
2022-12-14,30.06,35900,0.7(1.99 %),19200,694000000,0,0,37000,37000,35250
2022-12-15,29.72,35500,-0.4(-1.11 %),20000,701000000,0,0,35800,35800,34800
2022-12-16,29.72,35500,0(0.00 %),17200,607000000,0,0,35500,35500,35000
2022-12-19,29.56,35300,-0.2(-0.56 %),8300,291000000,0,0,35500,35600,35000
2022-12-20,28.89,34500,-0.8(-2.27 %),5600,194000000,0,0,35100,35200,34000
2022-12-21,28.59,34150,-0.35(-1.01 %),5800,199000000,0,0,34000,34900,34000
2022-12-22,29.64,35400,1.2(3.51 %),5200,177000000,0,0,34200,35400,34150
2022-12-23,29.3,35000,-0.4(-1.13 %),12800,447000000,0,0,35400,35400,34200
2022-12-26,29.64,35400,0.4(1.14 %),32000,1134000000,0,0,35500,35700,35200
2022-12-27,29.56,35300,-0.1(-0.28 %),14200,503000000,0,0,35500,35600,35300
2022-12-28,29.72,35500,0.2(0.57 %),26100,928000000,0,0,36400,36400,35300
2022-12-29,29.64,35400,-0.1(-0.28 %),4700,166000000,0,0,35500,35600,35250
2022-12-30,29.64,35400,0(0.00 %),8800,311000000,0,0,35400,35600,35300
2023-01-03,30.52,36450,1.05(2.97 %),32300,1158000000,0,0,35950,36450,35450
2023-01-04,29.81,35600,-0.9(-2.47 %),29900,1091000000,0,0,37500,37500,35500
2023-01-05,30.48,36400,0.8(2.25 %),18500,668000000,0,0,36000,36450,36000
2023-01-06,31.56,37700,1.3(3.57 %),43800,1618000000,0,0,36450,37700,36450
2023-01-09,32.57,38900,1.2(3.18 %),23500,926000000,0,0,39850,40000,38400
2023-01-10,32.65,39000,0.1(0.26 %),29200,1159000000,0,0,38150,40450,38150
2023-01-11,34.41,41100,2.1(5.38 %),23100,924000000,0,0,37400,41500,37400
2023-01-12,32.9,39300,-1.8(-4.38 %),29800,1172000000,0,0,41000,41000,39000
2023-01-13,33.16,39600,0.3(0.76 %),7600,296000000,0,0,39300,40000,38600
2023-01-16,32.07,38300,-1.3(-3.28 %),13900,539000000,0,0,39800,39800,38250
2023-01-17,32.65,39000,0.7(1.83 %),8600,336000000,0,0,38400,39900,38400
2023-01-18,32.86,39250,0.25(0.64 %),9300,363000000,0,0,39000,39250,39000
2023-01-19,33.45,39950,0.65(1.65 %),22600,903000000,0,0,39900,40900,39800
2023-01-27,33.66,40200,0.2(0.50 %),11300,458000000,0,0,41200,41200,40000
2023-01-30,36.0,43000,2.8(6.97 %),33900,1408000000,0,0,40450,43000,40300
2023-01-31,37.63,44950,1.95(4.53 %),58300,2572000000,0,0,45500,45500,43500
2023-02-01,37.26,44500,-0.5(-1.11 %),31800,1420000000,0,0,44300,45000,44300
2023-02-02,37.84,45200,0.7(1.57 %),21300,960000000,0,0,45000,45500,44700
2023-02-03,38.18,45600,0.4(0.88 %),18700,848000000,0,0,45400,45900,44500
2023-02-06,38.43,45900,0.3(0.66 %),5900,269000000,0,0,45600,45900,45400
2023-02-07,38.93,46500,0.6(1.31 %),26900,1251000000,0,0,46350,46900,46350
2023-02-08,37.68,45000,-1.5(-3.23 %),16500,744000000,0,0,46550,46550,44000
2023-02-09,37.68,45000,0(0.00 %),18700,844000000,0,0,45000,45500,45000
2023-02-10,36.92,44100,-0.9(-2.00 %),9400,420000000,0,0,45000,45100,44000
2023-02-13,36.0,43000,-1.1(-2.49 %),9200,388000000,0,0,44100,44100,42000
2023-02-14,36.5,43600,0.6(1.40 %),2400,104000000,0,0,43800,43800,43600
2023-02-15,36.42,43500,-0.1(-0.23 %),7000,302000000,0,0,42000,43600,42000
2023-02-16,36.42,43500,0(0.00 %),9600,415000000,0,0,43400,44000,43000
2023-02-17,36.04,43050,-0.45(-1.03 %),20700,902000000,0,0,43500,43900,43050
2023-02-20,37.09,44300,1.2(2.78 %),58000,2529000000,0,0,43050,44500,43050
2023-02-21,37.01,44200,-0.1(-0.23 %),52200,2277000000,0,0,44500,44500,43500
2023-02-22,36.17,43200,-1(-2.26 %),54400,2366000000,0,0,43000,44000,43000
2023-02-23,34.91,41700,-1.5(-3.47 %),52600,2223000000,0,0,43300,43300,41150
2023-02-24,33.91,40500,-1.2(-2.88 %),62700,2599000000,0,0,41700,43600,40500
2023-02-27,33.91,40500,0(0.00 %),32200,1310000000,0,0,41000,41500,40500
2023-02-28,34.66,41400,0.9(2.22 %),46500,1921000000,0,0,40700,41900,40700
2023-03-01,34.41,41100,-0.3(-0.72 %),8100,335000000,0,0,41800,41800,41100
2023-03-02,34.91,41700,0.6(1.46 %),800,33000000,0,0,41200,41900,41200
2023-03-03,34.91,41700,0(0.00 %),1500,62000000,0,0,41700,41700,41700
2023-03-06,35.0,41800,0.1(0.24 %),10300,434000000,0,0,42400,42600,41800
2023-03-07,35.08,41900,0.1(0.24 %),5100,213000000,0,0,41900,41900,41900
2023-03-08,35.04,41850,-0.05(-0.12 %),7000,289000000,0,0,41850,41900,41000
2023-03-09,34.41,41100,-0.8(-1.91 %),10200,427000000,0,0,42000,42000,41100
2023-03-10,34.49,41200,0.1(0.24 %),5500,226000000,0,0,41200,41300,41200
2023-03-13,34.24,40900,-0.3(-0.73 %),8500,350000000,0,0,41400,41800,40900
2023-03-14,33.91,40500,-0.4(-0.98 %),3100,125000000,0,0,40000,41200,40000
2023-03-15,34.49,41200,0.7(1.73 %),6500,266000000,0,0,40500,41200,40500
2023-03-16,33.91,40500,-0.7(-1.70 %),6600,267000000,0,0,41200,41200,40500
2023-03-17,33.7,40250,-0.25(-0.62 %),18500,756000000,0,0,40550,41000,40250
2023-03-20,33.49,40000,-0.3(-0.74 %),11900,473000000,0,0,40200,40400,39000
2023-03-21,34.54,41250,1.25(3.12 %),12500,510000000,0,0,40000,41750,40000
2023-03-22,34.41,41100,-0.2(-0.48 %),35900,1469000000,0,0,40200,41900,40100
2023-03-23,34.41,41100,0(0.00 %),32200,1303000000,0,0,38500,41500,38500
2023-03-24,33.99,40600,-0.5(-1.22 %),24200,1002000000,0,0,41100,41700,40600
2023-03-27,33.91,40500,-0.1(-0.25 %),1400,56000000,0,0,40600,40600,40500
2023-03-28,34.16,40800,0.3(0.74 %),3800,154000000,0,0,40550,40800,40550
2023-03-29,33.49,40000,-0.8(-1.96 %),38000,1546000000,0,0,40900,41000,40000
2023-03-30,33.49,40000,0(0.00 %),20200,824000000,0,0,40650,41150,39800
2023-03-31,33.66,40200,0.2(0.50 %),17500,714000000,0,0,40900,40900,40200
2023-04-03,33.99,40600,0.4(1.00 %),3400,138000000,0,0,41000,41000,40500
2023-04-04,34.16,40800,0.2(0.49 %),5500,223000000,0,0,40600,40800,40550
2023-04-05,34.16,40800,0(0.00 %),4500,182000000,0,0,40550,40800,40550
2023-04-06,34.2,40850,0.05(0.12 %),15200,622000000,0,0,40900,41000,40850
2023-04-07,34.24,40900,0(0.00 %),10200,413000000,0,0,40850,40900,40300
2023-04-10,34.79,41550,0.65(1.59 %),19600,814000000,0,0,40950,41700,40950
2023-04-11,34.79,41550,-0.05(-0.12 %),3600,150000000,0,0,41500,41900,41500
2023-04-12,34.79,41550,-0.05(-0.12 %),4900,202000000,0,0,41750,41750,41000
2023-04-13,34.75,41500,-0.1(-0.24 %),2400,98000000,0,0,41550,41600,40000
2023-04-14,34.66,41400,-0.1(-0.24 %),3100,126000000,0,0,41500,41500,40300
2023-04-17,34.16,40800,-0.6(-1.45 %),14400,573000000,0,0,40100,41100,38550
2023-04-18,34.2,40850,0.05(0.12 %),3300,133000000,0,0,39650,40900,39650
2023-04-19,34.08,40700,-0.2(-0.49 %),900,36000000,0,0,40850,40850,40500
2023-04-20,34.03,40650,-0.05(-0.12 %),8300,333000000,0,0,40100,40650,39850
2023-04-21,33.49,40000,-0.7(-1.72 %),2100,84000000,0,0,39800,40100,39800
2023-04-24,33.74,40300,0.3(0.75 %),400,16000000,0,0,40000,40300,40000
2023-04-25,33.32,39800,-0.5(-1.24 %),20600,831000000,0,0,41000,41000,39700
2023-04-26,33.49,40000,0.2(0.50 %),6500,258000000,0,0,40500,40700,39000
2023-04-27,33.49,40000,0(0.00 %),5500,218000000,0,0,40000,40000,39600
2023-04-28,33.49,40000,0(0.00 %),2000,79000000,0,0,40000,40000,39300
2023-05-04,33.49,40000,0(0.00 %),12200,479000000,0,0,40200,40200,38950
2023-05-05,33.36,39850,-0.15(-0.38 %),2300,89000000,0,0,39000,39850,38550
2023-05-08,33.36,39850,-0.05(-0.13 %),3600,143000000,0,0,39700,39850,39650
2023-05-09,32.65,39000,-0.9(-2.26 %),5300,206000000,0,0,39250,39250,39000
2023-05-10,32.65,39000,0(0.00 %),1600,62000000,0,0,39000,39000,38800
2023-05-11,33.16,39600,0.6(1.54 %),5600,221000000,0,0,39000,39600,39000
2023-05-12,33.07,39500,-0.1(-0.25 %),8100,316000000,0,0,39300,39500,39000
2023-05-15,33.07,39500,0(0.00 %),4900,193000000,0,0,39500,39600,39500
2023-05-16,32.82,39200,-0.3(-0.76 %),3100,121000000,0,0,39200,39200,39200
2023-05-17,32.82,39200,0(0.00 %),2600,102000000,0,0,39200,39500,39200
2023-05-18,33.28,39750,0.55(1.40 %),4300,169000000,0,0,39300,39900,39000
2023-05-19,32.74,39100,-0.65(-1.64 %),17100,668000000,0,0,39500,39500,39050
2023-05-22,32.74,39100,0(0.00 %),4000,156000000,0,0,39600,39600,39100
2023-05-23,32.82,39200,0.1(0.26 %),8000,312000000,0,0,39100,39250,39000
2023-05-24,32.65,39000,-0.2(-0.51 %),4700,183000000,0,0,39200,39200,39000
2023-05-25,32.4,38700,-0.3(-0.77 %),9300,361000000,0,0,39000,39200,38600
2023-05-26,32.65,39000,0.3(0.78 %),2600,101000000,0,0,39000,39000,38950
2023-05-29,32.65,39000,0(0.00 %),6800,262000000,0,0,39000,39000,38500
2023-05-30,32.32,38600,-0.4(-1.03 %),9100,353000000,0,0,39000,39000,38600
2023-05-31,32.95,39350,0.75(1.94 %),14200,553000000,0,0,39000,39350,38650
2023-06-01,32.65,39000,-0.35(-0.89 %),11300,445000000,0,0,39400,39600,39000
2023-06-02,32.65,39000,0(0.00 %),11800,459000000,0,0,39500,39500,38800
2023-06-05,33.41,39900,0.9(2.31 %),13400,532000000,0,0,39050,39900,39050
2023-06-06,33.41,39900,0(0.00 %),6300,250000000,0,0,39500,39900,39500
2023-06-07,33.78,40350,0.45(1.13 %),9400,377000000,0,0,39900,40900,39900
2023-06-08,33.45,39950,-0.4(-0.99 %),13900,551000000,0,0,40000,40000,39500
2023-06-09,33.45,39950,0(0.00 %),7000,276000000,0,0,39500,39950,39250
2023-06-12,33.32,39800,-0.15(-0.38 %),8900,352000000,0,0,39500,39800,39400
2023-06-13,33.2,39650,-0.15(-0.38 %),3600,143000000,0,0,39800,39800,39600
2023-06-14,33.41,39900,0.25(0.63 %),20400,813000000,0,0,39650,40200,39500
2023-06-15,33.49,40000,0.1(0.25 %),16800,672000000,0,0,40450,40550,39900
2023-06-16,33.66,40200,0.2(0.50 %),16500,670000000,0,0,40400,41100,40200
2023-06-19,33.03,39450,-0.75(-1.87 %),5800,228000000,0,0,39400,39900,39300
2023-06-20,33.07,39500,0(0.00 %),5000,197000000,0,0,39500,39500,39300
2023-06-21,33.07,39500,0(0.00 %),9100,359000000,20000,740000000,39500,39500,39250
2023-06-22,33.07,39500,0(0.00 %),34000,1346000000,0,0,39500,39900,39300
2023-06-23,33.16,39600,0.1(0.25 %),10200,402000000,0,0,39100,39800,39100
2023-06-26,34.16,40800,1.2(3.03 %),58000,2350000000,0,0,39250,42000,39250
2023-06-27,36.55,43650,2.85(6.99 %),45200,1932000000,0,0,41500,43650,40900
2023-06-28,37.01,44200,0.5(1.14 %),22200,991000000,0,0,46300,46300,43650
2023-06-29,36.67,43800,-0.4(-0.90 %),13600,605000000,0,0,44200,45500,43800
2023-06-30,36.67,43800,0(0.00 %),2900,126000000,0,0,43800,43800,43500
2023-07-03,36.76,43900,0.1(0.23 %),5300,232000000,0,0,42900,44500,42900
2023-07-04,36.09,43100,-0.8(-1.82 %),7300,315000000,0,0,44300,44300,43000
2023-07-05,35.12,41950,-1.15(-2.67 %),11400,488000000,0,0,43300,43300,41950
2023-07-06,35.16,42000,0(0.00 %),25500,1076000000,0,0,42000,43800,41950
2023-07-07,35.92,42900,0.9(2.14 %),12300,523000000,0,0,43100,43100,42150
2023-07-10,35.58,42500,-0.4(-0.93 %),27400,1164000000,0,0,43900,43900,42000
2023-07-11,36.13,43150,0.65(1.53 %),25500,1093000000,0,0,42650,43350,42500
2023-07-12,35.71,42650,-0.55(-1.27 %),26000,1113000000,0,0,43150,43150,42650
2023-07-13,37.17,44400,1.7(3.98 %),15500,671000000,0,0,42700,44500,42700
2023-07-14,36.84,44000,-0.4(-0.90 %),30300,1334000000,0,0,44400,44500,43500
2023-07-17,37.68,45000,1(2.27 %),45300,2032000000,0,0,44000,45600,44000
2023-07-18,39.03,42000,1.5(3.70 %),20400,851000000,0,0,41900,42000,41850
2023-07-19,39.03,42000,0(0.00 %),9000,378000000,0,0,42050,42700,41800
2023-07-20,39.5,42500,0.5(1.19 %),11200,471000000,0,0,42000,42500,41600
2023-07-21,39.22,42200,-0.3(-0.71 %),8000,336000000,0,0,42500,42500,42000
2023-07-24,39.03,42000,-0.2(-0.47 %),26700,1113000000,0,0,42200,42200,41150
2023-07-25,38.85,41800,-0.2(-0.48 %),6200,261000000,0,0,42450,43000,41800
2023-07-26,38.94,41900,0.1(0.24 %),8400,355000000,0,0,42900,42900,41800
2023-07-27,38.94,41900,0(0.00 %),4000,166000000,0,0,42000,42000,41500
2023-07-28,39.31,42300,0.4(0.95 %),37600,1583000000,0,0,41600,42900,41600
2023-07-31,39.31,42300,0(0.00 %),15600,662000000,0,0,42300,42900,42000
2023-08-01,39.31,42300,0(0.00 %),14400,607000000,0,0,42300,42400,41700
2023-08-02,39.22,42200,-0.1(-0.24 %),7100,294000000,0,0,42250,42250,41000
2023-08-03,38.61,41550,-0.65(-1.54 %),6500,269000000,0,0,41500,41550,41400
2023-08-04,38.57,41500,-0.05(-0.12 %),33300,1366000000,0,0,41300,41850,40000
2023-08-07,38.57,41500,0(0.00 %),22800,946000000,0,0,41500,41600,41500
2023-08-08,38.38,41300,-0.2(-0.48 %),8500,350000000,0,0,41500,42150,41000
2023-08-09,41.03,44150,2.85(6.90 %),50500,2166000000,0,0,41400,44150,41000
2023-08-10,42.29,45500,1.35(3.06 %),34700,1582000000,0,0,47100,47100,44600
2023-08-11,42.94,46200,0.7(1.54 %),27700,1267000000,0,0,44200,47000,44200
2023-08-14,42.75,46000,-0.2(-0.43 %),19200,886000000,0,0,46200,46450,45200
2023-08-15,41.82,45000,-1(-2.17 %),30000,1323000000,0,0,45000,45800,42800
2023-08-16,41.77,44950,-0.05(-0.11 %),11800,531000000,0,0,45500,45500,44000
2023-08-17,41.22,44350,-0.65(-1.44 %),22600,1000000000,0,0,44500,44650,44000
2023-08-18,39.96,43000,-1.4(-3.15 %),71900,3148000000,0,0,45500,46800,42400
2023-08-21,40.8,43900,0.9(2.09 %),8400,350000000,0,0,41650,43900,41500
2023-08-22,40.43,43500,-0.4(-0.91 %),3500,148000000,0,0,42500,43500,41800
2023-08-23,40.29,43350,-0.15(-0.34 %),13900,596000000,0,0,42400,43450,41800
2023-08-24,40.33,43400,0.05(0.12 %),15400,661000000,0,0,43400,43400,42000
2023-08-25,40.19,43250,-0.15(-0.35 %),12100,519000000,0,0,43400,43400,42600
2023-08-28,40.38,43450,0.2(0.46 %),6700,294000000,0,0,43000,44400,42550
2023-08-29,40.19,43250,-0.2(-0.46 %),7100,303000000,0,0,43400,43500,42550
2023-08-30,40.75,43850,0.6(1.39 %),8700,377000000,0,0,42700,43950,42650
2023-08-31,41.68,44850,1(2.28 %),51500,2210000000,0,0,42900,44850,42400
2023-09-05,41.22,44350,-0.5(-1.11 %),12700,560000000,0,0,45000,45000,43100
2023-09-06,39.96,43000,-1.35(-3.04 %),30300,1314000000,0,0,44400,44400,43000
2023-09-07,40.43,43500,0.5(1.16 %),38200,1658000000,22000,946000000,43100,44500,42900
2023-09-08,39.92,42950,-0.55(-1.26 %),33900,1451000000,0,0,43100,43500,42500
2023-09-11,39.92,42950,0(0.00 %),18500,794000000,0,0,42950,43200,42750
2023-09-12,39.68,42700,-0.25(-0.58 %),14900,636000000,0,0,42500,43400,42500
2023-09-13,39.68,42700,0(0.00 %),47500,2003000000,0,0,42700,42950,41950
2023-09-14,39.03,42000,-0.7(-1.64 %),87100,3654000000,516150,20516962500,42000,42100,41500
2023-09-15,38.71,41650,-0.35(-0.83 %),11700,489000000,0,0,41850,42000,41200
2023-09-18,38.94,41900,0.25(0.60 %),7600,316000000,0,0,41650,41900,41500
2023-09-19,38.66,41600,-0.3(-0.72 %),7000,289000000,50000,1950000000,41600,41800,41250
2023-09-20,39.78,42800,1.2(2.88 %),52500,2201000000,0,0,41700,43000,41500
2023-09-21,39.13,42100,-0.7(-1.64 %),6100,257000000,0,0,42800,42800,42000
2023-09-22,38.99,41950,-0.15(-0.36 %),15400,639000000,0,0,41500,42100,41200
2023-09-25,37.87,40750,-1.2(-2.86 %),17300,716000000,0,0,41400,41900,40750
2023-09-26,37.82,40700,-0.05(-0.12 %),12400,506000000,31000,1333000000,40800,41000,40500
2023-09-27,38.1,41000,0.3(0.74 %),11100,455000000,0,0,40100,41400,40100
2023-09-28,38.1,41000,0(0.00 %),1500,61000000,0,0,40900,41000,40900
2023-09-29,38.01,40900,-0.1(-0.24 %),6200,252000000,0,0,40500,40950,40100
2023-10-02,38.48,41400,0.5(1.22 %),1300,53000000,0,0,40900,41400,40850
2023-10-03,38.01,40900,-0.5(-1.21 %),2800,113000000,0,0,40500,40900,40500
2023-10-04,37.92,40800,-0.1(-0.24 %),3100,125000000,0,0,40050,41000,40050
2023-10-05,37.87,40750,-0.05(-0.12 %),2800,114000000,0,0,40500,40750,40500
2023-10-06,38.43,41350,0.6(1.47 %),4100,167000000,0,0,40750,41350,40650
2023-10-09,38.8,41750,0.4(0.97 %),2900,120000000,0,0,41350,41750,41350
2023-10-10,38.1,41000,-0.75(-1.80 %),4600,188000000,0,0,40500,41750,40500
2023-10-11,38.06,40950,-0.05(-0.12 %),1100,44000000,0,0,40500,40950,40500
2023-10-12,38.06,40950,0(0.00 %),8800,359000000,0,0,41000,41000,40250
2023-10-13,37.92,40800,-0.15(-0.37 %),800,32000000,0,0,40950,40950,40250
2023-10-16,37.96,40850,0.05(0.12 %),3400,142000000,0,0,40800,42450,40300
2023-10-17,37.55,40400,-0.45(-1.10 %),100,4000000,0,0,40400,40400,40400
2023-10-18,36.48,39250,-1.15(-2.85 %),7400,292000000,0,0,40100,40300,39250
2023-10-19,35.78,38500,-0.75(-1.91 %),13300,512000000,0,0,39100,39100,38250
2023-10-20,35.78,38500,0(0.00 %),2800,106000000,0,0,38550,38550,38000
2023-10-23,35.97,38700,0.2(0.52 %),2200,83000000,0,0,38200,38800,37500
2023-10-24,37.08,39900,1.2(3.10 %),1300,51000000,0,0,38700,39900,38700
2023-10-25,36.62,39400,-0.5(-1.25 %),2200,84000000,0,0,38000,39400,38000
2023-10-26,36.2,38950,-0.45(-1.14 %),2900,112000000,121500,4847850000,39300,39300,37200
2023-10-27,34.85,37500,-1.45(-3.72 %),4900,185000000,0,0,38900,38900,37000
2023-10-30,35.32,38000,0.5(1.33 %),200,7000000,0,0,38000,38000,38000
2023-10-31,35.18,37850,-0.15(-0.39 %),3300,123000000,0,0,38250,38250,37000
2023-11-01,34.76,37400,-0.45(-1.19 %),9600,349000000,0,0,37000,37700,35850
2023-11-02,35.59,38300,0.9(2.41 %),8700,332000000,0,0,38000,38450,37400
2023-11-03,35.45,38150,-0.15(-0.39 %),7800,291000000,0,0,38850,38850,37050
2023-11-06,35.32,38000,-0.15(-0.39 %),9300,346000000,0,0,38150,38150,37150
2023-11-07,35.13,37800,-0.2(-0.53 %),1900,71000000,144300,5101005000,37850,38000,37500
2023-11-08,35.41,38100,0.3(0.79 %),8100,305000000,0,0,37150,38100,37100
2023-11-09,35.36,38050,-0.05(-0.13 %),7400,281000000,0,0,38100,38100,37600
2023-11-10,35.32,38000,-0.05(-0.13 %),19900,752000000,77154,3086160000,38100,38100,37600
2023-11-13,34.66,37300,-0.7(-1.84 %),10200,381000000,0,0,37900,37900,37300
2023-11-14,34.85,37500,0.2(0.54 %),19600,734000000,0,0,37300,37700,37300
2023-11-15,35.27,37950,0.45(1.20 %),5400,207000000,0,0,38800,38800,37900
2023-11-16,35.27,37950,0(0.00 %),1000,37000000,0,0,37900,37950,37600
2023-11-17,34.62,37250,-0.7(-1.84 %),7900,296000000,0,0,38000,38000,37100
2023-11-20,35.22,37900,0.65(1.74 %),8600,324000000,0,0,37100,38000,37000
2023-11-21,35.32,38000,0.1(0.26 %),8600,326000000,0,0,38000,38200,37700
2023-11-22,35.5,38200,0.2(0.53 %),5300,202000000,0,0,38000,38200,38000
2023-11-23,36.24,39000,0.8(2.09 %),10300,402000000,0,0,38200,40150,38200
2023-11-24,35.78,38500,-0.5(-1.28 %),6700,258000000,0,0,39000,39900,38450
2023-11-27,36.15,38900,0.4(1.04 %),9300,361000000,0,0,38600,39000,38500
2023-11-28,35.22,37900,-1(-2.57 %),6400,249000000,0,0,39200,39300,37900
2023-11-29,35.32,38000,0.1(0.26 %),8200,314000000,0,0,38100,39950,38000
2023-11-30,35.87,38600,0.6(1.58 %),1000,38000000,0,0,38000,38600,38000
2023-12-01,35.59,37600,-1(-2.59 %),2500,94000000,0,0,38300,38300,37600
2023-12-04,36.16,38200,0.6(1.60 %),5100,193000000,0,0,38300,38300,37900
2023-12-05,35.64,37650,-0.55(-1.44 %),5100,192000000,30000,1170000000,38200,38200,37600
2023-12-06,36.16,38200,0.55(1.46 %),3500,132000000,0,0,37650,38250,37650
2023-12-07,35.49,37500,-0.7(-1.83 %),5900,221000000,0,0,38200,38200,37150
2023-12-08,35.59,37600,0.1(0.27 %),7700,286000000,0,0,37750,37750,37000
2023-12-11,35.68,37700,0.1(0.27 %),7500,282000000,0,0,37600,37750,37600
2023-12-12,35.54,37550,-0.15(-0.40 %),1200,45000000,0,0,37750,37750,37550
2023-12-13,35.64,37650,0.1(0.27 %),6600,247000000,0,0,37550,37750,37200
2023-12-14,36.72,38800,1.15(3.05 %),9900,377000000,0,0,37650,38800,36900
2023-12-15,35.78,37800,-1(-2.58 %),200,7000000,0,0,37900,37900,37800
2023-12-18,35.73,37750,-0.05(-0.13 %),4100,154000000,0,0,37750,37750,37100
2023-12-19,35.73,37750,0(0.00 %),5500,207000000,0,0,37750,37750,37750
2023-12-20,35.73,37750,0(0.00 %),1600,60000000,0,0,37900,38000,37750
2023-12-21,35.73,37750,0(0.00 %),10700,397000000,0,0,37050,38050,37050
2023-12-22,35.73,37750,0(0.00 %),12500,464000000,0,0,37100,37750,37100
2023-12-25,36.01,38050,0.3(0.79 %),1300,49000000,0,0,37800,38050,37500
2023-12-26,35.87,37900,-0.15(-0.39 %),26500,984000000,0,0,38050,38050,36800
2023-12-27,35.49,37500,-0.4(-1.06 %),9200,348000000,0,0,37900,37900,37500
2023-12-28,35.49,37500,0(0.00 %),3900,148000000,0,0,38150,38150,37500
2023-12-29,35.59,37600,0.1(0.27 %),9600,363000000,0,0,38000,38000,37500
2024-01-02,35.73,37750,0.15(0.40 %),10100,380000000,0,0,37900,37900,37400
2024-01-03,35.68,37700,-0.05(-0.13 %),13700,512000000,0,0,37900,37900,37000
2024-01-04,35.4,37400,-0.3(-0.80 %),9200,342000000,0,0,37700,37700,36000
2024-01-05,35.45,37450,0.05(0.13 %),5500,204000000,0,0,37400,37450,37100
2024-01-08,35.59,37600,0.15(0.40 %),29100,1090000000,0,0,37750,37750,37250
2024-01-09,35.68,37700,0.1(0.27 %),18100,681000000,0,0,37700,37750,37500
2024-01-10,35.49,37500,-0.2(-0.53 %),5500,207000000,0,0,38950,38950,37500
2024-01-11,35.4,37400,-0.1(-0.27 %),7000,261000000,0,0,37500,37500,37200
2024-01-12,35.11,37100,-0.3(-0.80 %),5800,214000000,0,0,37050,37400,37000
2024-01-15,35.02,37000,-0.1(-0.27 %),4500,166000000,0,0,37100,37250,37000
2024-01-16,35.02,37000,0(0.00 %),20400,755000000,0,0,37400,37400,36550
2024-01-17,35.02,37000,0(0.00 %),17800,661000000,0,0,37400,37400,37000
2024-01-18,35.02,37000,0(0.00 %),12300,455000000,0,0,36900,37450,36900
2024-01-19,35.02,37000,0(0.00 %),14200,528000000,0,0,37400,37400,36950
2024-01-22,35.02,37000,0(0.00 %),6700,247000000,0,0,37000,37000,37000
2024-01-23,34.97,36950,-0.05(-0.14 %),8600,317000000,0,0,37000,37000,36600
2024-01-24,34.88,36850,-0.1(-0.27 %),10200,376000000,0,0,36950,37000,36800
2024-01-25,34.78,36750,-0.1(-0.27 %),34800,1285000000,0,0,37000,37000,36700
2024-01-26,34.97,36950,0.2(0.54 %),12300,451000000,20000,780000000,36800,36950,36200
2024-01-29,35.02,37000,0.05(0.14 %),3400,125000000,0,0,36350,37400,36350
2024-01-30,35.02,37000,0(0.00 %),11200,413000000,0,0,36600,37000,36600
2024-01-31,35.02,37000,0(0.00 %),17900,661000000,0,0,37000,37900,36700
2024-02-01,35.49,37500,0.5(1.35 %),38500,1437000000,0,0,37000,38950,36850
2024-02-02,35.02,37000,-0.5(-1.33 %),32600,1206000000,0,0,37600,37600,36800
2024-02-05,35.3,37300,0.3(0.81 %),30800,1139000000,0,0,37300,37300,36900
2024-02-06,35.02,37000,-0.3(-0.80 %),34700,1286000000,0,0,37300,37500,37000
2024-02-07,35.49,37500,0.5(1.35 %),8400,314000000,0,0,37200,38500,37200
2024-02-15,35.78,37800,0.3(0.80 %),11400,429000000,0,0,37500,38000,37500
2024-02-16,35.87,37900,0.1(0.26 %),5400,205000000,0,0,37800,38800,37800
2024-02-19,36.34,38400,0.5(1.32 %),32700,1244000000,0,0,37650,38450,37650
2024-02-20,36.06,38100,-0.3(-0.78 %),41500,1580000000,0,0,38600,38600,38000
2024-02-21,36.44,38500,0.4(1.05 %),31500,1207000000,0,0,38100,38750,37800
2024-02-22,36.06,38100,-0.4(-1.04 %),46900,1781000000,0,0,38000,38450,37900
2024-02-23,35.97,38000,-0.1(-0.26 %),45100,1715000000,0,0,38100,38400,38000
2024-02-26,36.3,38350,0.35(0.92 %),46700,1781000000,0,0,38000,38700,38000
2024-02-27,36.68,38750,0.4(1.04 %),25400,986000000,0,0,38350,39350,38350
2024-02-28,38.76,40950,2.2(5.68 %),59900,2425000000,0,0,39300,41450,39250
2024-02-29,38.1,40250,-0.7(-1.71 %),19600,796000000,0,0,41100,41100,40200
2024-03-01,39.09,41300,1.05(2.61 %),16900,694000000,0,0,41750,41750,40500
2024-03-04,39.09,41300,0(0.00 %),21600,904000000,50000,2050000000,42000,42400,41200
2024-03-05,38.99,41200,-0.1(-0.24 %),23300,955000000,0,0,41750,41750,40400
2024-03-06,38.24,40400,-0.8(-1.94 %),20800,846000000,0,0,41750,41750,40400
2024-03-07,38.71,40900,0.9(2.25 %),28700,1155000000,0,0,39800,41450,39800
2024-03-08,38.71,40900,0(0.00 %),10800,434000000,0,0,40100,41350,40100
2024-03-11,38.71,40900,0(0.00 %),22900,936000000,0,0,41000,41800,40500
2024-03-12,38.99,41200,0.3(0.73 %),17400,713000000,0,0,40300,41250,40250
2024-03-13,40.23,42500,1.3(3.16 %),28800,1198000000,0,0,40550,42950,40550
2024-03-14,39.75,42000,-0.5(-1.18 %),23700,993000000,0,0,42550,42550,41000
2024-03-15,39.56,41800,-0.2(-0.48 %),17200,707000000,0,0,42000,42000,40950
2024-03-18,38.81,41000,-0.8(-1.91 %),28200,1152000000,0,0,41750,41750,40500
2024-03-19,38.76,40950,-0.05(-0.12 %),9500,388000000,0,0,41000,41000,40650
2024-03-20,38.76,40950,0(0.00 %),32700,1320000000,0,0,41000,41000,40000
2024-03-21,38.71,40900,-0.05(-0.12 %),30800,1246000000,0,0,40500,41000,40000
2024-03-22,38.05,40200,-0.7(-1.71 %),23300,941000000,0,0,40900,40950,40200
2024-03-25,38.1,40250,0.05(0.12 %),21100,845000000,0,0,40100,40250,39300
2024-03-26,38.14,40300,0.05(0.12 %),5000,201000000,0,0,40000,40500,40000
2024-03-27,38.14,40300,0(0.00 %),10500,420000000,0,0,40100,40300,40000
2024-03-28,38.24,40400,0.1(0.25 %),15500,625000000,0,0,40500,40500,40300
2024-03-29,38.05,40200,-0.2(-0.50 %),8500,342000000,0,0,40400,40400,40200
2024-04-01,37.81,39950,-0.25(-0.62 %),18600,745000000,0,0,40200,40500,39950
2024-04-02,37.86,40000,0.05(0.13 %),4200,167000000,0,0,39950,40000,39350
2024-04-03,38.24,40400,0.4(1.00 %),23700,949000000,0,0,40500,40500,39700
2024-04-04,37.86,40000,-0.4(-0.99 %),12700,509000000,0,0,40400,40900,39650
2024-04-05,37.76,39900,-0.1(-0.25 %),22000,875000000,20000,780000000,40300,40300,39350
2024-04-08,37.62,39750,-0.15(-0.38 %),14800,585000000,0,0,39800,39800,39300
2024-04-09,37.62,39750,0(0.00 %),4100,162000000,0,0,39700,39750,39450
2024-04-10,37.95,40100,0.35(0.88 %),6500,260000000,0,0,39800,40250,39500
2024-04-11,37.86,40000,-0.1(-0.25 %),9100,362000000,0,0,40000,40000,39650
2024-04-12,37.95,40100,0.1(0.25 %),14800,590000000,0,0,40000,40100,39800
2024-04-15,37.91,40050,-0.05(-0.12 %),13400,526000000,0,0,39600,40050,38700
2024-04-16,36.58,38650,-1.4(-3.50 %),14700,570000000,0,0,39000,39100,38500
2024-04-17,37.1,39200,0.55(1.42 %),6700,260000000,30000,1170000000,38700,39500,38500
2024-04-19,36.34,38400,-0.8(-2.04 %),14900,568000000,0,0,38500,38500,37700
2024-04-22,36.16,38200,-0.2(-0.52 %),14500,548000000,0,0,37850,38200,37600
2024-04-23,34.69,36650,-1.55(-4.06 %),43100,1593000000,0,0,37650,37700,36500
2024-04-24,36.34,38400,1.75(4.77 %),14900,566000000,0,0,37500,38450,37500
2024-04-25,36.25,38300,-0.1(-0.26 %),11200,429000000,0,0,38400,38450,37600
2024-04-26,36.72,38800,0.5(1.31 %),21700,839000000,0,0,38600,39000,38500
2024-05-02,36.44,38500,-0.3(-0.77 %),12300,469000000,0,0,39000,39000,38000
2024-05-03,36.82,38900,0.4(1.04 %),23100,888000000,0,0,38500,38900,38050
2024-05-06,36.82,38900,0(0.00 %),12600,485000000,0,0,38900,38900,38000
2024-05-07,36.82,38900,0(0.00 %),29800,1152000000,0,0,38900,39000,38200
2024-05-08,37.29,39400,0.5(1.29 %),24200,940000000,0,0,38900,39450,38500
2024-05-09,38.33,40500,1.1(2.79 %),21800,871000000,0,0,39500,40750,39400
2024-05-10,37.95,40100,-0.4(-0.99 %),14100,562000000,0,0,40500,40500,39800
2024-05-13,37.95,40100,0(0.00 %),7000,280000000,0,0,40000,40500,39850
2024-05-14,37.76,39900,-0.2(-0.50 %),7400,295000000,74203,2767771900,40100,40100,39650
2024-05-15,38.19,40350,0.45(1.13 %),12000,482000000,0,0,39900,40900,39900
2024-05-16,38.14,40300,-0.05(-0.12 %),8500,343000000,0,0,40400,40900,40300
2024-05-17,38.05,40200,-0.1(-0.25 %),38700,1559000000,0,0,40400,40500,40200
2024-05-20,38.05,40200,0(0.00 %),39800,1598000000,0,0,40200,40400,40050
2024-05-21,38.95,41150,0.95(2.36 %),48600,1973000000,0,0,40200,42300,40200
2024-05-22,38.81,41000,-0.15(-0.36 %),7900,323000000,0,0,41150,41500,40600
2024-05-23,39.28,41500,0.5(1.22 %),37900,1560000000,0,0,41000,41900,41000
2024-05-24,39.18,41400,-0.1(-0.24 %),35500,1471000000,0,0,41450,42500,41400
2024-05-27,40.51,42800,1.4(3.38 %),43000,1815000000,0,0,41450,42800,40900
2024-05-28,41.17,43500,0.7(1.64 %),63000,2712000000,0,0,42500,43500,42500
2024-05-29,41.17,43500,0(0.00 %),24400,1067000000,0,0,44000,44100,43500
2024-05-30,40.65,42950,-0.55(-1.26 %),16400,708000000,0,0,43550,43800,42950
2024-05-31,40.75,43050,0.1(0.23 %),8600,369000000,40000,1640000000,42950,43600,42950
2024-06-03,41.27,43600,0.55(1.28 %),22100,961000000,0,0,43000,44200,43000
2024-06-04,41.55,43900,0.3(0.69 %),35600,1572000000,0,0,43650,44750,43100
2024-06-05,41.93,44300,0.4(0.91 %),11600,516000000,0,0,43800,45000,43800
2024-06-06,41.55,43900,-0.4(-0.90 %),35600,1554000000,0,0,44350,44500,43600
2024-06-07,41.55,43900,0(0.00 %),27100,1193000000,0,0,43700,45450,43700
2024-06-10,41.98,44350,0.45(1.03 %),18000,788000000,0,0,43500,45000,43500
2024-06-11,41.98,44350,0(0.00 %),32200,1411000000,0,0,43800,44350,43600
2024-06-12,44.91,47450,3.1(6.99 %),232700,10950000000,0,0,44400,47450,44350
2024-06-13,46.85,49500,2.05(4.32 %),63000,3094000000,0,0,49900,49900,48000
2024-06-14,46.85,49500,0(0.00 %),104000,5160000000,0,0,48150,51800,48000
2024-06-17,49.03,51800,2.3(4.65 %),137200,6887000000,0,0,49500,51900,48000
2024-06-18,48.27,51000,-0.8(-1.54 %),43100,2203000000,0,0,51800,51800,50000
2024-06-19,48.55,51300,0.3(0.59 %),66300,3355000000,0,0,51400,51400,49700
2024-06-20,48.08,50800,-0.5(-0.97 %),32800,1649000000,0,0,51300,51800,49500
2024-06-21,46.76,49400,-1.4(-2.76 %),58500,2908000000,0,0,49600,50800,49300
2024-06-24,45.41,47200,-1.4(-2.88 %),37200,1761000000,0,0,48650,48850,46500
2024-06-25,44.26,46000,-1.2(-2.54 %),33400,1539000000,0,0,46500,47200,45750
2024-06-26,47.14,49000,3(6.52 %),72400,3498000000,0,0,46050,49200,46000
2024-06-27,46.42,48250,-0.75(-1.53 %),11400,550000000,0,0,48000,48900,48000
2024-06-28,44.93,46700,-1.55(-3.21 %),19100,897000000,0,0,48250,48800,46650
2024-07-01,45.36,47150,0.45(0.96 %),23500,1115000000,0,0,46600,47900,46300
2024-07-02,45.89,47700,0.55(1.17 %),31900,1522000000,0,0,47150,48000,47000
2024-07-03,45.7,47500,-0.2(-0.42 %),17200,820000000,0,0,47800,47800,47500
2024-07-04,46.76,48600,1.1(2.32 %),32600,1589000000,0,0,47500,49450,47500
2024-07-05,46.18,48000,-0.6(-1.23 %),16800,814000000,0,0,48600,49000,47200
2024-07-08,45.7,47500,-0.5(-1.04 %),59400,2763000000,0,0,47700,47900,45000
2024-07-09,46.03,47850,0.35(0.74 %),21200,1003000000,0,0,46600,48000,46600
2024-07-10,46.13,47950,0.1(0.21 %),31500,1500000000,0,0,47000,48000,46900
2024-07-11,46.08,47900,-0.05(-0.10 %),36400,1748000000,0,0,49000,49000,47000
2024-07-12,45.27,47050,-0.85(-1.77 %),26100,1234000000,0,0,47900,47950,47000
2024-07-15,45.94,47750,0.7(1.49 %),14000,670000000,0,0,47050,47950,47050
2024-07-16,45.22,47000,-0.75(-1.57 %),13000,617000000,30000,1440000000,47750,47900,46800
2024-07-17,43.77,45500,-1.5(-3.19 %),16500,765000000,70000,3360000000,47350,47750,45500
2024-07-18,43.87,45600,0.1(0.22 %),14400,656000000,0,0,46100,46450,45350
2024-07-19,44.26,46000,0.4(0.88 %),26800,1236000000,0,0,46750,46750,45500
2024-07-22,43.39,45100,-0.9(-1.96 %),59000,2606000000,0,0,46000,46000,43000
2024-07-23,40.98,42600,-2.5(-5.54 %),41700,1799000000,0,0,45100,45100,42500
2024-07-24,42.33,44000,1.4(3.29 %),23600,1053000000,0,0,42000,45550,42000
2024-07-25,42.28,43950,-0.05(-0.11 %),16900,742000000,0,0,43950,44750,42500
2024-07-26,42.38,44050,0.1(0.23 %),15700,691000000,0,0,43600,44100,43200
2024-07-29,42.33,44000,-0.05(-0.11 %),1600,70000000,0,0,44100,44100,44000
2024-07-30,42.33,44000,0(0.00 %),5900,256000000,0,0,44000,44050,43000
2024-07-31,42.33,44000,0(0.00 %),51700,2261000000,0,0,44000,44000,43150
2024-08-01,41.27,42900,-1.1(-2.50 %),32000,1401000000,0,0,43200,45900,42900
2024-08-02,41.61,43250,0.35(0.82 %),13800,597000000,0,0,42000,43950,42000
2024-08-05,39.44,41000,-2.25(-5.20 %),60800,2550000000,0,0,43250,43250,40900
2024-08-06,39.44,41000,0(0.00 %),16300,665000000,0,0,41000,41900,40250
2024-08-07,39.97,41550,0.55(1.34 %),17800,730000000,0,0,42000,42000,41000
2024-08-08,39.97,41550,0(0.00 %),13400,557000000,0,0,42200,42200,40500
2024-08-09,39.49,41050,-0.5(-1.20 %),43000,1771000000,0,0,41000,41850,41000
2024-08-12,40.7,42300,1.25(3.05 %),18900,800000000,0,0,42800,42800,41050
2024-08-13,40.41,42000,-0.3(-0.71 %),3900,162000000,0,0,42200,42200,41050
2024-08-14,40.41,42000,0(0.00 %),4100,172000000,0,0,42000,42200,42000
2024-08-15,40.36,41950,-0.05(-0.12 %),2600,109000000,0,0,42000,42400,41000
2024-08-16,40.31,41900,-0.05(-0.12 %),13700,569000000,0,0,41000,41950,41000
2024-08-19,41.13,42750,0.85(2.03 %),32700,1383000000,0,0,42000,43400,42000
2024-08-20,41.56,43200,0.45(1.05 %),39600,1692000000,0,0,42750,43300,42200
2024-08-21,40.94,42550,-0.65(-1.50 %),12000,511000000,0,0,43200,43200,42500
2024-08-22,42.19,43850,1.3(3.06 %),34000,1465000000,0,0,42600,43850,42100
2024-08-23,41.71,43350,-0.5(-1.14 %),17000,738000000,0,0,43800,43800,42650
2024-08-26,41.37,43000,-0.35(-0.81 %),4800,207000000,0,0,43750,43750,42800
2024-08-27,41.13,42750,-0.25(-0.58 %),11200,478000000,0,0,43000,43050,42700
2024-08-28,41.37,43000,0.25(0.58 %),800,34000000,0,0,42750,43000,42750
2024-08-29,40.55,42150,-0.85(-1.98 %),28800,1215000000,0,0,43000,43000,42000
2024-08-30,40.7,42300,0.15(0.36 %),5400,230000000,0,0,42800,42800,42300
2024-09-04,40.26,41850,-0.45(-1.06 %),14600,613000000,0,0,42300,42300,41850
2024-09-05,40.12,41700,-0.15(-0.36 %),14800,627000000,0,0,41900,43350,41500
2024-09-06,40.21,41800,0.1(0.24 %),9200,384000000,0,0,41700,42550,41300
2024-09-09,39.83,41400,-0.4(-0.96 %),8400,346000000,0,0,40850,41800,40850
2024-09-10,39.83,41400,0(0.00 %),7000,288000000,0,0,41200,41400,41100
2024-09-11,39.69,41250,-0.15(-0.36 %),3900,161000000,0,0,41400,42000,41000
2024-09-12,39.49,41050,-0.2(-0.48 %),13200,540000000,0,0,40900,42000,40850
2024-09-13,40.45,42050,1(2.44 %),7400,311000000,0,0,41000,43000,41000
2024-09-16,40.5,42100,0.05(0.12 %),14300,595000000,0,0,42050,42750,41000
2024-09-17,40.36,41950,-0.15(-0.36 %),2200,91000000,0,0,42000,42000,41500
2024-09-18,40.36,41950,0(0.00 %),6200,259000000,0,0,41500,42000,41500
2024-09-19,40.36,41950,0(0.00 %),24500,1032000000,0,0,42350,42350,41800
2024-09-20,40.84,42450,0.5(1.19 %),21100,879000000,0,0,41950,42500,41550
2024-09-23,40.45,42050,-0.4(-0.94 %),10100,423000000,0,0,41500,42300,41500
2024-09-24,40.89,42500,0.45(1.07 %),2000,84000000,0,0,42050,42500,41500
2024-09-25,40.41,42000,-0.5(-1.18 %),22100,933000000,0,0,42500,42800,42000
2024-09-26,40.36,41950,-0.05(-0.12 %),10000,419000000,0,0,42000,42000,41900
2024-09-27,39.83,41400,-0.55(-1.31 %),7400,306000000,0,0,41100,42000,41100
2024-09-30,40.36,41950,0.55(1.33 %),5700,238000000,0,0,41400,41950,41400
2024-10-01,40.36,41950,0(0.00 %),7600,316000000,1748233,69929320000,42000,42350,41500
2024-10-02,39.97,41550,-0.4(-0.95 %),4300,181000000,0,0,41500,42250,41500
2024-10-03,39.93,41500,-0.05(-0.12 %),7900,325000000,0,0,41550,41550,41000
2024-10-04,40.31,41900,0.4(0.96 %),7300,304000000,0,0,41950,41950,41550
2024-10-07,40.41,42000,0.1(0.24 %),8700,370000000,0,0,41900,44150,41200
2024-10-08,40.41,42000,0(0.00 %),4600,193000000,0,0,42200,42200,41950
2024-10-09,40.36,41950,-0.05(-0.12 %),8300,347000000,0,0,42000,42950,41300
2024-10-10,40.31,41900,-0.05(-0.12 %),5500,228000000,0,0,41900,41900,41000
2024-10-11,40.31,41900,0(0.00 %),9500,393000000,0,0,41650,42000,41150
2024-10-14,40.41,42000,0.1(0.24 %),10800,453000000,88000,3608000000,41850,42000,41850
2024-10-15,40.31,41900,-0.1(-0.24 %),600,25000000,0,0,42000,42000,41900
2024-10-16,39.97,41550,-0.35(-0.84 %),2100,87000000,0,0,41800,41800,41550
2024-10-17,39.97,41550,0(0.00 %),12800,533000000,0,0,41550,43150,41000
2024-10-18,40.02,41600,0.05(0.12 %),800,33000000,0,0,41700,41700,41600
2024-10-21,39.97,41550,-0.05(-0.12 %),18700,767000000,0,0,41600,41600,41000
2024-10-22,39.4,40950,-0.6(-1.44 %),5800,238000000,0,0,41150,41500,40950
2024-10-23,39.25,40800,-0.15(-0.37 %),2900,118000000,0,0,40950,40950,40800
2024-10-24,39.16,40700,-0.1(-0.25 %),3800,155000000,0,0,40900,40900,40700
2024-10-25,39.16,40700,0(0.00 %),4600,187000000,0,0,40700,40800,40600
2024-10-28,40.12,41700,1(2.46 %),9900,409000000,0,0,40700,41850,40700
2024-10-29,39.54,41100,-0.6(-1.44 %),5600,232000000,0,0,41700,41700,41000
2024-10-30,39.97,41550,0.45(1.09 %),3600,148000000,0,0,41800,41800,41150
2024-10-31,40.02,41600,0.05(0.12 %),3400,141000000,0,0,41600,41650,41500
2024-11-01,40.21,41800,0.2(0.48 %),7000,291000000,0,0,41500,41900,41500
2024-11-04,40.21,41800,0(0.00 %),3100,129000000,0,0,41850,41850,41800
2024-11-05,40.21,41800,0(0.00 %),600,24000000,0,0,41500,41800,41500
2024-11-06,40.21,41000,0(0.00 %),3500,140000000,0,0,41000,41000,38850
2024-11-07,40.65,41450,0.45(1.10 %),13900,568000000,0,0,41050,41450,40600
2024-11-08,40.56,41350,-0.1(-0.24 %),2500,103000000,0,0,40400,41500,40400
2024-11-11,40.16,40950,-0.4(-0.97 %),6600,268000000,0,0,41350,41350,40500
2024-11-12,40.11,40900,-0.05(-0.12 %),4600,186000000,0,0,40500,40900,40350
2024-11-13,39.62,40400,-0.5(-1.22 %),4800,195000000,0,0,40200,41950,40200
2024-11-14,39.62,40400,0(0.00 %),6900,282000000,0,0,40400,41750,40150
2024-11-15,39.62,40400,0(0.00 %),6500,262000000,0,0,40700,40950,40400
2024-11-18,39.67,40450,0.05(0.12 %),7400,299000000,0,0,40600,40600,40400
2024-11-19,39.62,40400,-0.05(-0.12 %),23700,958000000,0,0,40400,41300,40350
2024-11-20,39.82,40600,0.2(0.50 %),9000,362000000,0,0,40400,40600,40300
2024-11-21,39.72,40500,-0.1(-0.25 %),6500,261000000,0,0,40300,40500,40000
2024-11-22,38.99,39750,-0.75(-1.85 %),32800,1317000000,0,0,40300,40300,39750
2024-11-25,39.23,40000,0.25(0.63 %),26900,1074000000,109500,4380000000,40000,40000,39850
2024-11-26,39.28,40050,0.05(0.12 %),7400,296000000,72500,2900000000,40000,40500,40000
2024-11-27,40.21,41000,0.95(2.37 %),11800,484000000,0,0,41300,41300,41000
2024-11-28,40.21,41000,0(0.00 %),6700,271000000,0,0,40500,41000,40350
2024-11-29,39.77,40550,-0.45(-1.10 %),7300,297000000,0,0,41000,41100,40250
2024-12-02,39.72,40500,-0.05(-0.12 %),8500,345000000,0,0,41000,41000,40400
2024-12-03,39.62,40400,-0.1(-0.25 %),4100,166000000,0,0,40500,40850,40400
2024-12-04,39.67,40450,0.05(0.12 %),8000,323000000,0,0,40500,40600,40400
2024-12-05,40.02,40800,0.35(0.87 %),1600,64000000,0,0,40450,40800,40450
2024-12-06,39.97,40750,-0.05(-0.12 %),8300,338000000,0,0,40800,40800,40600
2024-12-09,39.92,40700,-0.05(-0.12 %),10700,435000000,0,0,40700,40750,40650
2024-12-10,40.51,41300,0.6(1.47 %),38500,1599000000,0,0,40700,42000,40500
2024-12-11,40.95,41750,0.45(1.09 %),20100,828000000,0,0,41350,41800,40500
2024-12-12,40.56,41350,-0.4(-0.96 %),19100,787000000,0,0,42150,42150,41050
2024-12-13,40.7,41500,0.15(0.36 %),7300,301000000,0,0,41350,42000,41300
2024-12-16,40.02,40800,-0.7(-1.69 %),18300,747000000,0,0,41500,41500,40600
2024-12-17,41.19,42000,1.2(2.94 %),48800,2036000000,0,0,40850,43000,40800
2024-12-18,41.83,42650,0.65(1.55 %),23400,986000000,0,0,42000,42800,42000
2024-12-19,41.49,42300,-0.35(-0.82 %),15400,649000000,0,0,42500,42500,41500
2024-12-20,41.29,42100,-0.2(-0.47 %),4500,189000000,0,0,42200,42200,41750
2024-12-23,41.39,42200,0.1(0.24 %),14000,591000000,0,0,43000,43000,42000
2024-12-24,40.95,41750,-0.45(-1.07 %),6800,283000000,0,0,42200,42200,41650
2024-12-25,41.49,42300,0.55(1.32 %),16000,672000000,0,0,41800,42900,41800
2024-12-26,41.44,42250,-0.05(-0.12 %),1200,50000000,0,0,42300,42300,41850
2024-12-27,41.39,42200,-0.05(-0.12 %),2200,92000000,0,0,42200,42950,42000
2024-12-30,41.0,41800,-0.4(-0.95 %),2500,104000000,0,0,42100,42500,41800
2024-12-31,41.0,41800,0(0.00 %),10900,456000000,0,0,42000,42200,41800
2025-01-02,41.19,42000,0.2(0.48 %),10900,457000000,0,0,41700,42700,41700
2025-01-03,40.75,41550,-0.45(-1.07 %),10400,434000000,0,0,41700,41850,41500
2025-01-06,40.21,41000,-0.55(-1.32 %),9500,394000000,0,0,42500,42500,41000
2025-01-07,40.51,41300,0.3(0.73 %),2800,114000000,0,0,41050,41500,40800
2025-01-08,41.19,42000,0.7(1.69 %),1700,70000000,0,0,41300,42000,41300
2025-01-09,41.14,41950,-0.05(-0.12 %),9800,410000000,0,0,41950,41950,41500
2025-01-10,41.0,41800,-0.15(-0.36 %),7800,326000000,0,0,41400,41950,41100
2025-01-13,41.0,41800,0(0.00 %),9500,396000000,100000,4100000000,41800,41800,41500
2025-01-14,41.19,42000,0.2(0.48 %),17000,709000000,0,0,41800,42000,41000
2025-01-15,41.0,41800,-0.2(-0.48 %),11300,466000000,0,0,41850,41850,41200
2025-01-16,41.0,41800,0(0.00 %),6800,280000000,0,0,41300,41800,41100
2025-01-17,40.75,41550,-0.25(-0.60 %),2100,86000000,0,0,41700,41700,41100
2025-01-20,40.7,41500,-0.05(-0.12 %),5300,219000000,0,0,41550,41550,41000
2025-01-21,40.7,41500,0(0.00 %),5200,213000000,0,0,41500,41500,41000
2025-01-22,40.41,41200,-0.3(-0.72 %),9500,389000000,0,0,41000,41200,41000
2025-01-23,40.7,41500,0.3(0.73 %),2300,94000000,0,0,41000,41500,41000
2025-01-24,39.67,40450,-1.05(-2.53 %),36400,1480000000,0,0,41000,41000,40400
2025-02-04,39.62,40400,-0.05(-0.12 %),6800,274000000,0,0,40500,40500,40400
2025-02-05,39.13,39900,-0.5(-1.24 %),29100,1164000000,0,0,40200,40200,39900
2025-02-06,39.48,40250,0.35(0.88 %),7100,281000000,0,0,39900,40250,38000
2025-02-07,38.55,39300,-0.95(-2.36 %),3600,143000000,0,0,40500,40500,39250
2025-02-10,39.13,39900,0.6(1.53 %),15200,604000000,0,0,39200,39900,39200
2025-02-11,39.08,39850,-0.05(-0.13 %),4200,165000000,0,0,39900,40450,39200
2025-02-12,38.3,39050,-0.8(-2.01 %),10000,392000000,0,0,39150,39800,39000
2025-02-13,38.35,39100,0.05(0.13 %),3000,117000000,0,0,39100,39500,39050
2025-02-14,37.96,38700,-0.4(-1.02 %),7900,306000000,0,0,38550,39600,38550
2025-02-17,38.06,38800,0.1(0.26 %),5300,204000000,0,0,39000,39000,38000
2025-02-18,38.25,39000,0.2(0.52 %),8000,313000000,0,0,38050,39900,38000
2025-02-19,38.15,38900,-0.1(-0.26 %),11100,430000000,0,0,39000,39600,38150
2025-02-20,38.15,38900,0(0.00 %),14000,540000000,0,0,38900,38900,38500
2025-02-21,38.06,38800,-0.1(-0.26 %),15000,580000000,0,0,39600,39600,38600
2025-02-24,38.15,38900,0.1(0.26 %),5300,206000000,0,0,39750,39750,38900
2025-02-25,38.45,39200,0.3(0.77 %),1000,39000000,0,0,39200,39200,38850
2025-02-26,38.74,39500,0.3(0.77 %),4700,185000000,0,0,39200,39650,39000
2025-02-27,38.74,39500,0(0.00 %),6400,251000000,0,0,39950,39950,38950
2025-02-28,38.3,39050,-0.45(-1.14 %),4300,167000000,0,0,39100,39100,39000
2025-03-03,38.15,38900,-0.15(-0.38 %),14000,542000000,0,0,38700,38950,38650
2025-03-04,37.81,38550,-0.35(-0.90 %),10700,413000000,0,0,38900,38900,38550
2025-03-05,38.3,39050,0.5(1.30 %),34400,1348000000,0,0,39300,39350,38550
2025-03-06,39.08,39850,0.8(2.05 %),28900,1145000000,0,0,39500,40000,39150
2025-03-07,39.08,39850,0(0.00 %),15700,627000000,0,0,39850,40000,39850
2025-03-10,39.08,39850,0(0.00 %),2600,103000000,0,0,39850,39950,39850
2025-03-11,38.69,39450,-0.4(-1.00 %),9000,358000000,0,0,39850,40000,39450
2025-03-12,38.89,39650,0.2(0.51 %),54100,2131000000,0,0,39600,39650,39100
2025-03-13,39.04,39800,0.15(0.38 %),4700,183000000,0,0,39650,39800,39000
2025-03-14,38.55,39300,-0.5(-1.26 %),10200,397000000,0,0,39500,39500,38400
2025-03-17,38.74,39500,0.2(0.51 %),2800,110000000,0,0,38950,39500,38950
2025-03-18,38.94,39700,0.2(0.51 %),13900,551000000,0,0,39400,39800,39400
2025-03-19,38.99,39750,0.05(0.13 %),20000,792000000,0,0,39700,39750,39450
2025-03-20,38.99,39750,0(0.00 %),15400,611000000,0,0,39750,39750,39600
2025-03-21,39.04,39800,0.05(0.13 %),9600,381000000,0,0,39700,39800,39650
2025-03-24,38.89,39650,-0.15(-0.38 %),7600,301000000,0,0,39700,39800,39550
2025-03-25,39.04,39800,0.15(0.38 %),12100,480000000,0,0,39650,39950,39650
2025-03-26,39.23,40000,0.2(0.50 %),4400,175000000,83200,3244800000,39550,40000,39550
2025-03-27,39.04,39800,-0.2(-0.50 %),400,15000000,0,0,39900,39900,39800
2025-03-28,39.04,39800,0(0.00 %),9800,387000000,0,0,39600,39800,39400
2025-03-31,38.1,38850,-0.95(-2.39 %),11000,429000000,0,0,38600,39400,38600
2025-04-01,38.06,38800,-0.05(-0.13 %),2900,112000000,0,0,39450,39450,38700
2025-04-02,38.25,39000,0.2(0.52 %),3000,117000000,0,0,39000,39000,39000
2025-04-03,35.8,36500,-2.5(-6.41 %),67300,2448000000,62000,2585400000,37450,38350,36300
2025-04-04,35.31,36000,-0.5(-1.37 %),19200,665000000,0,0,33950,36450,33950
2025-04-08,34.23,34900,-1.1(-3.06 %),42400,1446000000,0,0,35950,35950,33500
2025-04-09,33.74,34400,-0.5(-1.43 %),15800,530000000,0,0,34900,34900,32600
2025-04-10,36.09,36800,2.4(6.98 %),29400,1081000000,0,0,36800,36800,36600
2025-04-11,36.09,36800,0(0.00 %),8900,321000000,0,0,36800,36800,36000
2025-04-14,35.51,36200,-0.6(-1.63 %),1000,36000000,0,0,36800,36800,36200
2025-04-15,35.31,36000,-0.2(-0.55 %),21300,759000000,0,0,36000,36000,35000
2025-04-16,35.51,36200,0.2(0.56 %),600,21000000,0,0,36450,36450,36200
2025-04-17,34.08,34750,-1.45(-4.01 %),1800,63000000,0,0,36000,36000,34750
2025-04-18,35.31,36000,1.25(3.60 %),1700,60000000,0,0,35550,36000,35550
2025-04-21,35.31,36000,0(0.00 %),4600,164000000,0,0,36000,36000,35100
2025-04-22,35.21,35900,-0.1(-0.28 %),24700,868000000,0,0,35300,35900,34700
2025-04-23,35.31,36000,0.1(0.28 %),7400,265000000,0,0,35800,36000,35800
2025-04-24,35.36,36050,0.05(0.14 %),1400,50000000,0,0,36000,36050,36000
2025-04-25,34.52,35200,-0.85(-2.36 %),2100,74000000,0,0,36700,36700,35200
2025-04-28,35.21,35900,0.7(1.99 %),1700,60000000,0,0,35500,36600,35500
2025-04-29,35.21,35900,0(0.00 %),0,0,0,0,35900,35900,35900
2025-05-05,36.49,37200,1.3(3.62 %),2900,107535000,0,0,36050,37500,36050
2025-05-06,36.24,36950,-0.25(-0.67 %),3400,125220000,0,0,37000,37000,36600
2025-05-07,36.24,36950,0(0.00 %),1400,51795000,0,0,37000,37000,36950
2025-05-08,36.58,37300,0.35(0.95 %),8400,311775000,0,0,36950,37500,36950
2025-05-09,36.98,37700,0.4(1.07 %),1600,59930000,0,0,37000,37800,36600
2025-05-12,35.9,36600,-1.1(-2.92 %),5500,202125000,0,0,37700,37700,36600
2025-05-13,35.95,36650,0.05(0.14 %),6500,238160000,0,0,36600,37000,36600
2025-05-14,35.95,36650,0(0.00 %),14800,542670000,0,0,36800,36800,36650
2025-05-15,36.29,37000,0.35(0.95 %),63800,2302180000,0,0,36100,37700,36000
2025-05-16,36.39,37100,0.1(0.27 %),1700,63015000,0,0,37000,37200,37000
2025-05-19,35.6,36300,-0.8(-2.16 %),6100,225970000,0,0,37100,37100,36300
2025-05-20,35.55,36250,-0.05(-0.14 %),700,25395000,0,0,36200,36350,36200
2025-05-21,35.9,36600,0.35(0.97 %),10500,381445000,0,0,36250,36600,36250
2025-05-22,35.85,36550,-0.05(-0.14 %),1200,44155000,0,0,36700,36950,36550
2025-05-23,36.55,36550,0.7(1.95 %),500,18275000,0,0,36550,36550,36550
2025-05-26,36.4,36400,-0.15(-0.41 %),5800,211145000,0,0,36500,36550,36300
2025-05-27,36.35,36350,-0.05(-0.14 %),7600,276135000,0,0,36400,36500,36200
2025-05-28,36.55,36550,0.2(0.55 %),800,29260000,0,0,37000,37000,36500
2025-05-29,36.6,36600,0.05(0.14 %),2900,106450000,0,0,36600,37700,36600
2025-05-30,36.8,36800,0.2(0.55 %),3700,135250000,0,0,36600,36800,36500
2025-06-02,37.35,37350,0.55(1.49 %),6200,230945000,0,0,36800,37900,36800
2025-06-03,37.3,37300,-0.05(-0.13 %),1100,40790000,0,0,37350,37350,36800
2025-06-04,37.45,37450,0.15(0.40 %),2500,92635000,0,0,37550,37800,36600
2025-06-05,37.0,37000,-0.45(-1.20 %),900,32950000,0,0,37000,37000,36500
2025-06-06,37.0,37000,0(0.00 %),100,3700000,0,0,37000,37000,37000
2025-06-09,36.2,36200,-0.8(-2.16 %),3900,141740000,0,0,37000,37000,36200
2025-06-10,36.85,36850,0.65(1.80 %),2100,76415000,0,0,36350,36950,36300
2025-06-11,36.2,36200,-0.65(-1.76 %),2600,94195000,0,0,36850,36850,36200
2025-06-12,36.9,36900,0.7(1.93 %),200,7380000,0,0,36900,36900,36900
2025-06-13,36.9,36900,0(0.00 %),900,33210000,0,0,36900,36900,36900
2025-06-16,36.2,36200,-0.7(-1.90 %),900,32580000,152883,5809554000,36200,36200,36200
2025-06-17,36.8,36800,0.6(1.66 %),1600,58810000,0,0,36000,36900,36000
2025-06-18,36.75,36750,-0.05(-0.14 %),2600,95320000,0,0,36100,36800,36100
2025-06-19,36.75,36750,0(0.00 %),0,0,0,0,36750,36750,36750
2025-06-20,36.3,36300,-0.45(-1.22 %),1600,58020000,0,0,36200,36300,36150
2025-06-23,36.2,36200,-0.1(-0.28 %),9900,356640000,0,0,36000,36200,36000
2025-06-24,36.2,36200,0(0.00 %),5000,181145000,0,0,36250,36350,36200
2025-06-25,36.3,36300,0.1(0.28 %),3300,120135000,0,0,35650,36700,35650
2025-06-26,36.3,36300,0(0.00 %),14500,523220000,0,0,36300,36300,36000
2025-06-27,36.0,36000,-0.3(-0.83 %),7900,286110000,0,0,36300,36300,36000
2025-06-30,36.0,36000,0(0.00 %),11200,403420000,0,0,36000,36150,36000
2025-07-01,36.0,36000,0(0.00 %),4800,172800000,0,0,36000,36000,36000
2025-07-02,36.0,36000,0(0.00 %),11100,399600000,0,0,36000,36000,36000
2025-07-03,35.8,35800,-0.2(-0.56 %),24300,869090000,0,0,36400,36400,33500
2025-07-04,36.0,36000,0.2(0.56 %),11800,422650000,0,0,35800,36000,35700
2025-07-07,35.9,35900,-0.1(-0.28 %),15100,542715000,99000,3811500000,36000,36000,35800
2025-07-08,36.1,36100,0.2(0.56 %),15800,568450000,0,0,35900,36100,35800
2025-07-09,36.0,36000,-0.1(-0.28 %),6500,233850000,0,0,36100,36300,35750
2025-07-10,36.0,36000,0(0.00 %),51700,1861020000,0,0,35800,36300,35800
2025-07-11,36.2,36200,0.2(0.56 %),37300,1343570000,26000,1001000000,36000,36300,36000
2025-07-14,36.0,36000,-0.2(-0.55 %),30800,1111630000,25000,962500000,36200,36300,36000
2025-07-15,36.0,36000,0(0.00 %),10500,378350000,25000,962500000,36050,36100,36000
2025-07-16,37.45,37450,1.45(4.03 %),60400,2201075000,0,0,36200,38000,36000
2025-07-17,37.7,37700,0.25(0.67 %),45000,1688890000,0,0,37450,37800,37450
2025-07-18,37.8,37800,0.1(0.27 %),30300,1143850000,0,0,37800,37800,37700
2025-07-21,37.8,37800,0(0.00 %),41100,1564290000,0,0,37800,38450,37800
2025-07-22,37.8,37800,0(0.00 %),24700,934780000,0,0,37700,37900,37700
2025-07-23,38.2,38200,0.4(1.06 %),27100,1029160000,0,0,37800,38200,37800
2025-07-24,38.4,38400,0.2(0.52 %),21200,814030000,0,0,38200,39000,38000
2025-07-25,38.15,38150,-0.25(-0.65 %),18900,718730000,0,0,38000,38150,38000
2025-07-28,38.15,38150,0(0.00 %),19300,736330000,0,0,38150,38250,38000
2025-07-29,37.7,37700,-0.45(-1.18 %),5300,201380000,0,0,37500,39000,37500
2025-07-30,37.6,37600,-0.1(-0.27 %),86000,3224050000,0,0,37000,37700,37000
2025-07-31,37.6,37600,0(0.00 %),46900,1772080000,0,0,37600,38000,37600
2025-08-01,37.4,37400,-0.2(-0.53 %),6100,229070000,0,0,37600,37600,37200
2025-08-04,38.0,38000,0.6(1.60 %),54000,2041320000,0,0,37600,38000,37600
2025-08-05,38.0,38000,0(0.00 %),23500,891940000,0,0,38000,38500,37500
2025-08-06,38.0,38000,0(0.00 %),23300,885665000,0,0,38000,38450,38000
2025-08-07,37.9,37900,-0.1(-0.26 %),114500,4341750000,0,0,37900,38000,37900
2025-08-08,37.8,37800,-0.1(-0.26 %),5400,204970000,0,0,37900,39000,37000
2025-08-11,37.75,37750,-0.05(-0.13 %),40500,1530395000,0,0,37900,38000,37250
2025-08-12,37.65,37650,-0.1(-0.26 %),8800,331480000,0,0,37700,37750,37650
2025-08-13,37.55,37550,-0.1(-0.27 %),5700,214475000,0,0,37700,37700,37550
2025-08-14,37.9,37900,0.35(0.93 %),33800,1279720000,92487,3514506000,37900,38600,37650
2025-08-15,37.1,37100,-0.8(-2.11 %),20100,746650000,0,0,37000,37500,37000
2025-08-18,37.15,37150,0.05(0.13 %),6800,252760000,0,0,37100,37200,37100
2025-08-19,37.15,37150,0(0.00 %),40100,1500865000,0,0,37200,38500,37100
2025-08-20,37.2,37200,0.05(0.13 %),3500,130930000,0,0,37150,37900,37150
2025-08-21,37.4,37400,0.2(0.54 %),8600,320880000,0,0,37100,37450,37050
2025-08-22,37.45,37450,0.05(0.13 %),4000,148390000,50082,2003280000,37800,37800,37000
2025-08-25,37.35,37350,-0.1(-0.27 %),12500,457325000,0,0,37850,37850,34850
2025-08-26,37.45,37450,0.1(0.27 %),10500,390840000,0,0,36000,37450,36000
2025-08-27,37.0,37000,-0.45(-1.20 %),3200,119035000,0,0,37350,37900,36950
2025-08-28,37.0,37000,0(0.00 %),7200,266345000,0,0,37000,37300,36900
2025-08-29,36.8,36800,-0.2(-0.54 %),5700,209920000,0,0,37400,37400,36800
2025-09-03,37.2,37200,0.4(1.09 %),1000,36965000,0,0,36800,37200,36600
2025-09-04,36.5,36500,-0.7(-1.88 %),8100,296935000,0,0,37000,37000,36500
2025-09-05,36.5,36500,0(0.00 %),40000,1459030000,0,0,36500,36700,36300
2025-09-08,36.2,36200,-0.3(-0.82 %),16100,587560000,0,0,36900,36900,36200
2025-09-09,36.7,36700,0.5(1.38 %),3300,119000000,0,0,36200,36700,36000
2025-09-10,36.4,36400,-0.3(-0.82 %),9700,349860000,0,0,37000,37000,35950
2025-09-11,35.95,35950,-0.45(-1.24 %),2000,72520000,0,0,36400,36400,35850
2025-09-12,36.0,36000,0.05(0.14 %),5600,201655000,36800,1398400000,36000,36800,35950
2025-09-15,36.0,36000,0(0.00 %),20500,743315000,0,0,36500,36800,35850
2025-09-16,36.0,36000,0(0.00 %),8900,320200000,0,0,36000,36000,35800
2025-09-17,36.0,36000,0(0.00 %),4200,152070000,0,0,36700,36700,36000
2025-09-18,36.0,36000,0(0.00 %),6800,244785000,0,0,36000,36000,35850
2025-09-19,36.1,36100,0.1(0.28 %),28100,1012685000,0,0,36000,36300,36000
2025-09-22,35.8,35800,-0.3(-0.83 %),4100,147690000,0,0,36100,36100,35800
2025-09-23,36.3,36300,0.5(1.40 %),9700,349630000,0,0,35800,36300,35800
2025-09-24,36.4,36400,0.1(0.28 %),13900,509450000,36800,1398400000,36400,37200,36200
2025-09-25,36.5,36500,0.1(0.27 %),1900,69310000,0,0,36800,36800,36300
2025-09-26,35.95,35950,-0.55(-1.51 %),9900,360270000,0,0,36200,36900,35950
2025-09-29,35.7,35700,-0.25(-0.70 %),600,21445000,0,0,35600,35800,35600
2025-09-30,35.8,35800,0.1(0.28 %),1700,60825000,0,0,36000,36000,35700
2025-10-01,35.55,35550,-0.25(-0.70 %),3800,135240000,0,0,35600,35900,35550
2025-10-02,35.6,35600,0.05(0.14 %),21200,754720000,0,0,35600,35600,35600
2025-10-03,36.0,36000,0.4(1.12 %),4900,174720000,0,0,36000,36000,35500
2025-10-06,35.5,35500,-0.5(-1.39 %),13200,468380000,0,0,35500,35500,35450
2025-10-07,36.0,36000,0.5(1.41 %),5100,183010000,0,0,35500,36200,35500
2025-10-08,36.0,36000,0(0.00 %),700,24950000,0,0,36000,36000,35500
2025-10-09,35.8,35800,-0.2(-0.56 %),2200,78650000,0,0,36100,36100,35600
2025-10-10,36.0,33300,-35.8(-100.00 %),1900,36000,0,0,35800,36100,33300
